dataset_id,handle,mainTitle,publicationDate,org_short_name,org_name,org_country,datasource_id,datasource_name,datasource_eng_name,datasource_url,datasource_type,doi_list,has_doi
doi_dedup___::38ce34a70aac19133c7ce12f15e0cfac,https://hdl.handle.net/11104/0369132,Dataset. Potential and limitations of strontium isotopic fingerprinting in wood,2025-01-01,GCC,Global Change Research Centre,CZ,re3data_____::8615271ce1a454e8561a4294278d4537,ASEP Repository,Repository of Czech Academy of Sciences,https://asep-portal.lib.cas.cz/basic-information/dataset-repository/,Data Repository,10.57680/asep.0638478,true
doi_dedup___::fe15aeb3f40508bde5d3bfb584638f5b,https://hdl.handle.net/11104/0368083,Data for Arxiv IEEE 2025 Ryabchikov,2025-01-01,AVCR,Czech Academy of Sciences,CZ,openaire____::55045bd2a65019fd8e6741a755395c8c,Unknown Repository,,,Publication Repository,10.57680/asep.0637155,true
doi_dedup___::b12fd20a1fc497cfd91cb538e71b7ee2,10067/2147500151162165141,Data from: Road disturbance shifts root fungal symbiont types and reduces the connectivity of plant-fungal co-occurrence networks in mountains,2025-01-01,AVCR,Czech Academy of Sciences,CZ,opendoar____::a03fa30821986dff10fc66647c84c9c3,Institutional Repository Universiteit Antwerpen,IRUA,https://repository.uantwerpen.be/,Institutional Repository,10.5061/dryad.ht76hdrsk,true
doi_dedup___::f89307c68573901d7ecabeb584ac8ae6,https://hdl.handle.net/11104/0368285,Structured Folders Template for Research Projects and Experiments,2025-01-01,KNAV,Academy of Sciences Library,CZ,openaire____::55045bd2a65019fd8e6741a755395c8c,Unknown Repository,,,Publication Repository,10.57680/asep.0637420,true
doi_dedup___::320f03b2af95b9ce32d4a11a2ea9f38e,https://hdl.handle.net/11104/0365874,Quantitative vessel mapping on increment cores. A critical comparison of image acquisition methods.,2025-01-01,AVCR,Czech Academy of Sciences,CZ,re3data_____::8615271ce1a454e8561a4294278d4537,ASEP Repository,Repository of Czech Academy of Sciences,https://asep-portal.lib.cas.cz/basic-information/dataset-repository/,Data Repository,10.57680/asep.0619100,true
doi_dedup___::d34c96c6824c35867e590fdbe759983b,https://hdl.handle.net/11104/0368860,Data ScNbN films,2025-01-01,KNAV,Academy of Sciences Library,CZ,openaire____::55045bd2a65019fd8e6741a755395c8c,Unknown Repository,,,Publication Repository,10.57680/asep.0637995,true
doi_dedup___::0b54cc9fc9ebbc7305d312112524ac7b,https://hdl.handle.net/11104/0359373,Evaluation of the METRIC and TSEB remote sensing evapotranspiration models in the floodplain area of the Thaya and Morava Rivers,2024-01-01,AVCR,Czech Academy of Sciences,CZ,openaire____::55045bd2a65019fd8e6741a755395c8c,Unknown Repository,,,Publication Repository,10.57680/asep.0602162,true
doi_dedup___::7b078e91488969c9fa4a1655cf892ff5,https://hdl.handle.net/11104/0359954,"Dataset of aerosol light scattering properties, particle number size distribution and meteorological parameters measured at ATOLL atmospheric station in Villeneuve d´Ascq, France, from 2018 to 2023.",2024-01-01,AVCR,Czech Academy of Sciences,CZ,openaire____::55045bd2a65019fd8e6741a755395c8c,Unknown Repository,,,Publication Repository,10.57680/asep.0602654,true
doi_dedup___::56cc9a43f2ba87a72a043f944aa55d0c,https://hdl.handle.net/11104/0365503,Dataset of Optical and transport properties of ZnO thin films prepared by reactive pulsed mid-frequency sputtering combined with RF ECWR plasma,2025-01-01,FZU,Institute of Physics,CZ,re3data_____::8615271ce1a454e8561a4294278d4537,ASEP Repository,Repository of Czech Academy of Sciences,https://asep-portal.lib.cas.cz/basic-information/dataset-repository/,Data Repository,10.57680/asep.0618674,true
doi_dedup___::0115b27dcff306b24402461a58240b45,https://hdl.handle.net/11104/0366015,Bohemistické konsorcium,2025-01-01,ICL,Institute of Czech Literature,CZ,re3data_____::8615271ce1a454e8561a4294278d4537,ASEP Repository,Repository of Czech Academy of Sciences,https://asep-portal.lib.cas.cz/basic-information/dataset-repository/,Data Repository,10.57680/asep.0619240,true
doi_dedup___::06397e8e876d7b5ff174129e3c36496a,https://hdl.handle.net/11104/0360263,Zdrojová data pro manuskript o počítání nanočástic za účelem určení jejich koncentrace.,2024-01-01,IAC,Institute of Analytical Chemistry,CZ,openaire____::55045bd2a65019fd8e6741a755395c8c,Unknown Repository,,,Publication Repository,10.57680/asep.0602960,true
doi_dedup___::0c61fdeb80d7288624dacc53d0541f8b,10261/388499,Global aquatic Isoëtes Database (acronym GaID) as of 2024,2024-01-01,BC,Biology Centre,CZ,openaire____::4cb2a3eb94033446c37331f60fad0847,"Recolector de Ciencia Abierta, RECOLECTA","Recolector de Ciencia Abierta, RECOLECTA",https://www.recolecta.fecyt.es/,Institutional Repository Aggregator,10.5066/p149gqav,true
doi_dedup___::dda3afa29ae06154c0348a1825046f53,https://hdl.handle.net/11104/0369100,"Surface and solution characterization of the poly(N-(2-hydroxypropyl)methacrylamide) brushes prepared via surface-initiated/mediated reversible addition-fragmentation chain-transfer (RAFT) polymerization; NMR, XPS, AFM, and GPC",2025-01-01,AVCR,Czech Academy of Sciences,CZ,openaire____::55045bd2a65019fd8e6741a755395c8c,Unknown Repository,,,Publication Repository,10.57680/asep.0637939,true
doi_dedup___::7b4c54a5c6dfc580a189548c8de8fbca,10261/360124,Data from: Long-term and year-to-year stability and its drivers in a Mediterranean grassland,2022-02-15,AVCR,Czech Academy of Sciences,CZ,opendoar____::c9f95a0a5af052bffce5c89917335f67,DIGITAL.CSIC,Spanish National Research Council,http://digital.csic.es/,Institutional Repository,10.5061/dryad.8pk0p2npt,true
doi_dedup___::79ebc66eb427c24e4ca7a541e7249bab,https://hdl.handle.net/11104/0361845,Odsolování a výměna pufrů v biologických vzorcích pomocí elektromigrace v diskontinuálním elektrodovém systému,2025-01-01,AVCR,Czech Academy of Sciences,CZ,re3data_____::8615271ce1a454e8561a4294278d4537,ASEP Repository,Repository of Czech Academy of Sciences,https://asep-portal.lib.cas.cz/basic-information/dataset-repository/,Data Repository,10.57680/asep.0604451,true
doi_dedup___::44a438dc266f0b0e24dde03e0f264c11,10067/2114100151162165141,Data from: Unexpected westward range shifts in European forest plants link to nitrogen deposition,2024-01-01,AVCR,Czech Academy of Sciences,CZ,re3data_____::94816e6421eeb072e7742ce6a9decc5f,DRYAD,,https://datadryad.org//,Data Repository,10.5061/dryad.4b8gthtmt,true
doi_dedup___::fd46ac5abc63e9090570a9666ecf73aa,https://hdl.handle.net/11104/0360621,Dataset for Laser-Induced Gas-Phase Transfer and Direct Stamping of Nanomaterials: Comparison of Nanosecond and Femtosecond Pulses,2025-01-01,KNAV,Academy of Sciences Library,CZ,re3data_____::8615271ce1a454e8561a4294278d4537,ASEP Repository,Repository of Czech Academy of Sciences,https://asep-portal.lib.cas.cz/basic-information/dataset-repository/,Data Repository,10.57680/asep.0603353,true
doi_dedup___::c45225f6a940dbe9e59213241d09e833,10261/309253,Measured magnetic susceptibility data for different magnetite tracer stacking scenarios,2022-11-07,ČVUT,Czech Technical University in Prague,CZ,opendoar____::c9f95a0a5af052bffce5c89917335f67,DIGITAL.CSIC,Spanish National Research Council,http://digital.csic.es/,Institutional Repository,10.5281/zenodo.7297158;10.5281/zenodo.7297157,true
doi_dedup___::0a6989e4f87d7a46687b47552560363a,http://hdl.handle.net/11104/0320791,Phylogenomics of African radiation of Praomyini (Muridae: Murinae) rodents - data and commands. ,2021-01-01,KNAV,Academy of Sciences Library,CZ,re3data_____::8615271ce1a454e8561a4294278d4537,ASEP Repository,Repository of Czech Academy of Sciences,https://asep-portal.lib.cas.cz/basic-information/dataset-repository/,Data Repository,10.17632/jwc6kdbxxt.1;10.57680/asep.0543554;10.17632/jwc6kdbxxt,true
doi_dedup___::c0916b4b32cc17b6148f6ed044800fb2,https://hdl.handle.net/11104/0353757,Data for plots in Sub-Poissonian twin beams,2024-01-01,AVCR,Czech Academy of Sciences,CZ,re3data_____::8615271ce1a454e8561a4294278d4537,ASEP Repository,Repository of Czech Academy of Sciences,https://asep-portal.lib.cas.cz/basic-information/dataset-repository/,Data Repository,10.57680/asep.0586175,true
doi_dedup___::e6cd94bf9ca41b0e064220a4caf12fde,https://hdl.handle.net/11104/0368912,Stabilizace rozhraní vedoucího a koncového elektrolytu v epitachoforéze,2025-01-01,IAC,Institute of Analytical Chemistry,CZ,re3data_____::8615271ce1a454e8561a4294278d4537,ASEP Repository,Repository of Czech Academy of Sciences,https://asep-portal.lib.cas.cz/basic-information/dataset-repository/,Data Repository,10.57680/asep.0638102,true
doi_dedup___::c1d989ebe9608d8ad944826807e5bd80,https://hdl.handle.net/11104/0346047,Analýza samizdatu kvantitativními metodami (podkladová data),2023-01-01,ICL,Institute of Czech Literature,CZ,re3data_____::8615271ce1a454e8561a4294278d4537,ASEP Repository,Repository of Czech Academy of Sciences,https://asep-portal.lib.cas.cz/basic-information/dataset-repository/,Data Repository,10.57680/asep.0574024,true
doi_dedup___::5cd856c0ef0ef0bb598b54db3cfc87fd,https://hdl.handle.net/11104/0355935,Two and three-layered composite scintillators based on the Ce3+ doped GAGG and TbAG garnets for simultaneous registration of various types of ionizing radiation: the Data for Figures,2024-01-01,AVCR,Czech Academy of Sciences,CZ,re3data_____::8615271ce1a454e8561a4294278d4537,ASEP Repository,Repository of Czech Academy of Sciences,https://asep-portal.lib.cas.cz/basic-information/dataset-repository/,Data Repository,10.57680/asep.0598211,true
doi_dedup___::6d0fa647fc3e73901e6b2c8ec4fe7d32,https://hdl.handle.net/11104/0367122,GSAG:Ce scintillator: Material optimization and intrinsic bottlenecks: the Data for Figures,2025-01-01,AVCR,Czech Academy of Sciences,CZ,openaire____::55045bd2a65019fd8e6741a755395c8c,Unknown Repository,,,Publication Repository,10.57680/asep.0636121,true
doi_dedup___::1903749220caa63ce24265f1087e3539,https://hdl.handle.net/11104/0360154,Source data for the publication “Test beam measurements and computer simulations of the ATLAS ITk R2 silicon strip detector”,2024-01-01,FZU,Institute of Physics,CZ,openaire____::55045bd2a65019fd8e6741a755395c8c,Unknown Repository,,,Publication Repository,10.57680/asep.0602834,true
doi_dedup___::9ef6e98445bc064fc4344c3969ab92e5,https://hdl.handle.net/11104/0346374,"ALKARO – Almanachy, kalendáře, ročenky v českých zemích 1801–1945",2023-01-01,AVCR,Czech Academy of Sciences,CZ,re3data_____::8615271ce1a454e8561a4294278d4537,ASEP Repository,Repository of Czech Academy of Sciences,https://asep-portal.lib.cas.cz/basic-information/dataset-repository/,Data Repository,10.57680/asep.0576764,true
doi_dedup___::9354ed2e5cb4de8ae07147705a33c2e8,https://hdl.handle.net/11104/0364489,Soubor primárnich izotopových dat a morfologických znaků zrn pšenice a prosa,2025-01-01,KNAV,Academy of Sciences Library,CZ,re3data_____::8615271ce1a454e8561a4294278d4537,ASEP Repository,Repository of Czech Academy of Sciences,https://asep-portal.lib.cas.cz/basic-information/dataset-repository/,Data Repository,10.57680/asep.0617593,true
doi_dedup___::6a66438436019ff014889ddd9e7c1b36,https://hdl.handle.net/11104/0356626,Yb2Pt2Pb,2024-01-01,KNAV,Academy of Sciences Library,CZ,openaire____::55045bd2a65019fd8e6741a755395c8c,Unknown Repository,,,Publication Repository,10.57680/asep.0599060,true
doi_dedup___::1c8d3abba24fd7bf675663c64f1edddb,https://hdl.handle.net/11104/0353647,Bibliografie českého literárního samizdatu,2023-01-01,AVCR,Czech Academy of Sciences,CZ,openaire____::55045bd2a65019fd8e6741a755395c8c,Unknown Repository,,,Publication Repository,10.57680/asep.0576765;10.57680/asep.0600383;10.57680/asep.0586031,true
doi_dedup___::151f9df9d1c8088650ab37c0f9a92b46,https://hdl.handle.net/11104/0357708,Národní knihovna Finska,2024-01-01,ICL,Institute of Czech Literature,CZ,re3data_____::8615271ce1a454e8561a4294278d4537,ASEP Repository,Repository of Czech Academy of Sciences,https://asep-portal.lib.cas.cz/basic-information/dataset-repository/,Data Repository,10.57680/asep.0598591,true
doi_dedup___::4ee709e972c24c026ea4709146b9f1b1,10044/1/106683,"Data accompanying Milodowski et al. (Journal of Applied Ecology, 2021): ""The impact of logging on vertical canopy structure across a gradient of tropical forest degradation intensity in Borneo""",2021-03-23,Mendel University Brno,Mendel University Brno,CZ,opendoar____::995e1fda4a2b5f55ef0df50868bf2a8f,Spiral - Imperial College Digital Repository,,https://spiral.imperial.ac.uk/,Institutional Repository,10.5281/zenodo.4572774;10.5281/zenodo.4572775,true
doi_dedup___::b5bb681b2b0b9bd78a4955fe23dc863f,https://hdl.handle.net/11104/0359332,ScN data,2024-01-01,FZU,Institute of Physics,CZ,openaire____::55045bd2a65019fd8e6741a755395c8c,Unknown Repository,,,Publication Repository,10.57680/asep.0602125,true
doi_dedup___::dae9912ca3f1c5e654358a79c33bb3c0,10754/667866,Fonio millet genome unlocks African orphan crop diversity for agriculture in a changing climate,2020-08-12,AVCR,Czech Academy of Sciences,CZ,re3data_____::94816e6421eeb072e7742ce6a9decc5f,DRYAD,,https://datadryad.org//,Data Repository,10.5061/dryad.2v6wwpzj0,true
doi_dedup___::75b1d3d08e1997e46c4713cdd8640cee,10261/281761,Data from: Systems biology of tissue-specific response to Anaplasma phagocytophilum reveals differentiated apoptosis in the tick vector Ixodes scapularis,2016-01-01,AVCR,Czech Academy of Sciences,CZ,re3data_____::94816e6421eeb072e7742ce6a9decc5f,DRYAD,,https://datadryad.org//,Data Repository,10.5061/dryad.50kt0,true
doi_dedup___::778230b1a44cf25a8df6d6ec9eadeaf4,https://hdl.handle.net/11104/0346375,Bibliografie českého literárního internetu,2023-01-01,ICL,Institute of Czech Literature,CZ,re3data_____::8615271ce1a454e8561a4294278d4537,ASEP Repository,Repository of Czech Academy of Sciences,https://asep-portal.lib.cas.cz/basic-information/dataset-repository/,Data Repository,10.57680/asep.0576762,true
doi_dedup___::618db5914e6f183a4f758f5d04dc5de9,http://hdl.handle.net/11104/0318939,Prostorové modelování horkých vln a letních klimatických indexů – výsledky.,2021-01-01,KNAV,Academy of Sciences Library,CZ,openaire____::55045bd2a65019fd8e6741a755395c8c,Unknown Repository,,,Publication Repository,10.57680/asep.0541377,true
doi_dedup___::df03e3fee3d6375be79a0f8e7681a3c1,http://hdl.handle.net/11104/0321432,Mezinárodní korespondenční sítě T. G. Masaryka a vznik Československa v roce 1918 (projekt vizualizace metadat pro digitální nástroj Palladio),2021-01-01,MIA,Masaryk Institute and Archive,CZ,openaire____::55045bd2a65019fd8e6741a755395c8c,Unknown Repository,,,Publication Repository,10.57680/asep.0544591,true
doi_dedup___::6a2b55d1482b228388e77dc3fb645bdd,https://hdl.handle.net/11104/0357702,Současná bibliografie (od roku 1945),2023-01-01,AVCR,Czech Academy of Sciences,CZ,re3data_____::8615271ce1a454e8561a4294278d4537,ASEP Repository,Repository of Czech Academy of Sciences,https://asep-portal.lib.cas.cz/basic-information/dataset-repository/,Data Repository,10.57680/asep.0586027;10.57680/asep.0576761;10.57680/asep.0600381,true
doi_dedup___::799a8e811a5806ec29ead18e8e880158,https://hdl.handle.net/11104/0346377,Retrospektivní bibliografie české literatury 1770–1945,2023-01-01,ICL,Institute of Czech Literature,CZ,openaire____::55045bd2a65019fd8e6741a755395c8c,Unknown Repository,,,Publication Repository,10.57680/asep.0619241;10.57680/asep.0576760;10.57680/asep.0600377;10.57680/asep.0586015,true
doi_dedup___::41b8cae5e0d09bba5b89e02e4030bb07,https://hdl.handle.net/11104/0354128,"Soubor primárních dat izotopového složení floémové mízy, jejího toku v dřevinách a hrubé primární produkce smíšeného listnatého lesa",2024-01-01,KNAV,Academy of Sciences Library,CZ,openaire____::55045bd2a65019fd8e6741a755395c8c,Unknown Repository,,,Publication Repository,10.57680/asep.0586665,true
doi_dedup___::71e41c1e8072f906ead47ede22bf61bc,https://hdl.handle.net/11104/0366239,Quantum Correlations in Three-Beam Symmetric Gaussian States Accessed via Photon-Number-Resolving Detection and Quantum Universal Invariants - data,2025-01-01,AVCR,Czech Academy of Sciences,CZ,openaire____::55045bd2a65019fd8e6741a755395c8c,Unknown Repository,,,Publication Repository,10.57680/asep.0619579,true
doi_dedup___::b2fd3ac4c7498a478a3c781768c6eb60,https://hdl.handle.net/11104/0358461,Dataset for Coherence effects in LIPSS formation on silicon wafers upon picosecond laser pulse irradiations,2024-01-01,KNAV,Academy of Sciences Library,CZ,openaire____::55045bd2a65019fd8e6741a755395c8c,Unknown Repository,,,Publication Repository,10.57680/asep.0601268,true
doi_dedup___::d1f822db65ff91b34af6a42b012b15a3,https://hdl.handle.net/11104/0353633,"Dataset for ""Volumetric Modification of Transparent Materials with Two-Color Laser Irradiation: Insight from Numerical Modeling""",2024-01-01,KNAV,Academy of Sciences Library,CZ,re3data_____::8615271ce1a454e8561a4294278d4537,ASEP Repository,Repository of Czech Academy of Sciences,https://asep-portal.lib.cas.cz/basic-information/dataset-repository/,Data Repository,10.57680/asep.0585998,true
doi_dedup___::c8604c16ade08b1da70c5eebd79c9ddf,https://hdl.handle.net/11104/0355596,Three-Layered Composite Scintillator Based on the Epitaxial Structures of YAG and LuAG Garnets Doped with Ce3+ and Sc3+ Impurities the Data for Figures,2024-01-01,KNAV,Academy of Sciences Library,CZ,re3data_____::8615271ce1a454e8561a4294278d4537,ASEP Repository,Repository of Czech Academy of Sciences,https://asep-portal.lib.cas.cz/basic-information/dataset-repository/,Data Repository,10.57680/asep.0597777,true
doi_dedup___::33a99f82caad0b7136000fcbccf9b5c1,10261/276396,Emerging stability of forest productivity by mixing two species buffers temperature destabilizing effect,2022-01-01,FGMRI,Forestry and Game Management Research Institute,CZ,re3data_____::94816e6421eeb072e7742ce6a9decc5f,DRYAD,,https://datadryad.org//,Data Repository,10.5061/dryad.0rxwdbs3r;10.5683/sp3/kbype7;10.14288/1.0416761,true
doi_dedup___::9934455778c7af955504818415ed17a9,https://hdl.handle.net/11104/0357707,Národní knihovna Španělska,2024-01-01,AVCR,Czech Academy of Sciences,CZ,openaire____::55045bd2a65019fd8e6741a755395c8c,Unknown Repository,,,Publication Repository,10.57680/asep.0598584,true
doi_dedup___::56fde9d6e25f4eef3f5b09214a8a0a58,https://hdl.handle.net/11104/0342782,Plasma state identification in the COMPASS tokamak,2023-01-01,AVCR,Czech Academy of Sciences,CZ,openaire____::55045bd2a65019fd8e6741a755395c8c,Unknown Repository,,,Publication Repository,10.57680/asep.0571890,true
doi_dedup___::0ec5c440bb78b0f29703b741b1aa8dc4,https://hdl.handle.net/11104/0353726,Dataset for Unveiling fundamentals of multi-beam pulsed laser ablation in liquids toward scaling up nanoparticle production,2024-01-01,FZU,Institute of Physics,CZ,openaire____::55045bd2a65019fd8e6741a755395c8c,Unknown Repository,,,Publication Repository,10.57680/asep.0586141,true
doi_dedup___::43d3f62220d1e23cc160f4224ae79b88,https://hdl.handle.net/11104/0357703,Bibliografie českého literárního internetu,2024-01-01,ICL,Institute of Czech Literature,CZ,openaire____::55045bd2a65019fd8e6741a755395c8c,Unknown Repository,,,Publication Repository,10.57680/asep.0619235;10.57680/asep.0600382;10.57680/asep.0586029,true
doi_dedup___::151b39a2389a5cc8e661b1e94167cdca,https://hdl.handle.net/11104/0368764,Worksheet &amp; Checklist: Folder File Naming and Organization,2025-01-01,AVCR,Czech Academy of Sciences,CZ,openaire____::55045bd2a65019fd8e6741a755395c8c,Unknown Repository,,,Publication Repository,10.57680/asep.0637979,true
doi_dedup___::36125f463b77679f8adf9f3558b5ad42,https://hdl.handle.net/11104/0356333,"Dataset for ""Demographic yearbooks as a source of weather-related fatalities: the Czech Republic, 1919–2022""",2024-01-01,CHMI,Czech Hydrometeorological Institute,CZ,re3data_____::8615271ce1a454e8561a4294278d4537,ASEP Repository,Repository of Czech Academy of Sciences,https://asep-portal.lib.cas.cz/basic-information/dataset-repository/,Data Repository,10.5281/zenodo.13848774;10.57680/asep.0598712;10.5281/zenodo.13848771,true
doi_dedup___::568062226e1dad1c72bfe336ce4dd820,10261/283789,Data from: Contagious fear: escape behaviour increases with flock size in European gregarious birds,2019-05-02,"Palacký University, Olomouc","Palacký University, Olomouc",CZ,re3data_____::94816e6421eeb072e7742ce6a9decc5f,DRYAD,,https://datadryad.org//,Data Repository,10.5061/dryad.3q25r77,true
doi_dedup___::ed3e5891b929ba2134fd088c987cd7e4,https://hdl.handle.net/11104/0366057,Nanoparticle analysis,2025-01-01,AVCR,Czech Academy of Sciences,CZ,openaire____::55045bd2a65019fd8e6741a755395c8c,Unknown Repository,,,Publication Repository,10.57680/asep.0605240,true
doi_dedup___::ada02aeebc6fa52f21c653a1e65720a7,https://hdl.handle.net/11104/0366649,Classical and combinatorial Judd–Ofelt analysis of spectroscopic properties in Er-doped materials: TeO.sub.2./sub.–ZnO–BaO:Er.sup.3+./sup.glasses,2025-01-01,IOCB,Institute of Organic Chemistry and Biochemistry,CZ,re3data_____::8615271ce1a454e8561a4294278d4537,ASEP Repository,Repository of Czech Academy of Sciences,https://asep-portal.lib.cas.cz/basic-information/dataset-repository/,Data Repository,10.57680/asep.0635611,true
doi_dedup___::bd30f6d25267ad14072b460ac35161b4,https://hdl.handle.net/11104/0364785,Data underlying the publication. Hydrogen bonding in trialkyl substituted urea in organic environment,2025-01-01,KNAV,Academy of Sciences Library,CZ,re3data_____::8615271ce1a454e8561a4294278d4537,ASEP Repository,Repository of Czech Academy of Sciences,https://asep-portal.lib.cas.cz/basic-information/dataset-repository/,Data Repository,10.57680/asep.0617898,true
doi_dedup___::7abf0048326e3939d930d4b2487d3510,https://hdl.handle.net/11104/0358430,High loading CPB nanocomposites,2024-01-01,KNAV,Academy of Sciences Library,CZ,openaire____::55045bd2a65019fd8e6741a755395c8c,Unknown Repository,,,Publication Repository,10.57680/asep.0601214,true
doi_dedup___::12b88af44e3b72c3c38e7006a4173b48,https://hdl.handle.net/11104/0358988,Data pro článek: Oak tree-ring carbon stable isotopes from eastern Europe reveal significant drought signals along elevational gradients,2024-01-01,GCC,Global Change Research Centre,CZ,openaire____::55045bd2a65019fd8e6741a755395c8c,Unknown Repository,,,Publication Repository,10.57680/asep.0601065,true
doi_dedup___::7ed8d8e0c44b1b0758862771a4bbfa26,10067/2114370151162165141,Raw data of the microarthropods and decomposition from: Effects of microarthropod density on soil fungal community composition in nutrient-poor ecosystems,2024-01-01,Charles University,Charles University,CZ,re3data_____::94816e6421eeb072e7742ce6a9decc5f,DRYAD,,https://datadryad.org//,Data Repository,10.5061/dryad.7d7wm384x,true
doi_dedup___::35e32d1755689edc2e224151d54b2655,https://hdl.handle.net/11104/0352553,Data pro článek. Does lower water availability limit stem CO2 efflux of oak and hornbeam coppices?,2024-01-01,KNAV,Academy of Sciences Library,CZ,openaire____::55045bd2a65019fd8e6741a755395c8c,Unknown Repository,,,Publication Repository,10.57680/asep.0584705,true
doi_dedup___::b3bebc76c8092bd1a3540b22ed6325c9,https://hdl.handle.net/11104/0368736,"Zdrojová data pro publikaci ""Bimetallic nanoparticles. Towards selective analysis of phosphorylated compounds by surface-enhanced Raman spectroscopy""",2025-01-01,AVCR,Czech Academy of Sciences,CZ,re3data_____::8615271ce1a454e8561a4294278d4537,ASEP Repository,Repository of Czech Academy of Sciences,https://asep-portal.lib.cas.cz/basic-information/dataset-repository/,Data Repository,10.57680/asep.0637587,true
doi_dedup___::597ee0c85c94221cfc64b1628c0b86f4,https://hdl.handle.net/11104/0361322,OpenData Bednyakov APL 126 (2025),2025-01-01,AVCR,Czech Academy of Sciences,CZ,re3data_____::8615271ce1a454e8561a4294278d4537,ASEP Repository,Repository of Czech Academy of Sciences,https://asep-portal.lib.cas.cz/basic-information/dataset-repository/,Data Repository,10.57680/asep.0604005,true
doi_dedup___::d5fca3436fb96f588aec0f887b654fb7,https://hdl.handle.net/11104/0362630,Crystallographic data of studied compounds,2025-01-01,KNAV,Academy of Sciences Library,CZ,re3data_____::8615271ce1a454e8561a4294278d4537,ASEP Repository,Repository of Czech Academy of Sciences,https://asep-portal.lib.cas.cz/basic-information/dataset-repository/,Data Repository,10.57680/asep.0605079,true
doi_dedup___::c83dcfb3963843c9c40bdbab9669d5e2,http://hdl.handle.net/11104/0317292,Genomic ddRAD datasets of Ethiopian Lophuromys - raw data.,2021-01-01,ÚBO AV ČR,Institute of Vertebrate Biology,CZ,re3data_____::8615271ce1a454e8561a4294278d4537,ASEP Repository,Repository of Czech Academy of Sciences,https://asep-portal.lib.cas.cz/basic-information/dataset-repository/,Data Repository,10.57680/asep.0539495,true
doi_dedup___::68dc8059da4e6ed07bbf508b21b2b5f9,https://hdl.handle.net/11104/0355934,Data for plots in paper Revealing Nonclassicality of Multiphoton Optical Beams via Artificial Neural Networks,2024-01-01,KNAV,Academy of Sciences Library,CZ,re3data_____::8615271ce1a454e8561a4294278d4537,ASEP Repository,Repository of Czech Academy of Sciences,https://asep-portal.lib.cas.cz/basic-information/dataset-repository/,Data Repository,10.57680/asep.0598210,true
doi_dedup___::555a16236da38c7cabbf114424d0cba8,https://hdl.handle.net/11104/0350016,Unraveling the neglected role of UV radiation on stomata: a meta-analysis with implications for modeling ecosystem-climate interactions,2024-01-01,KNAV,Academy of Sciences Library,CZ,openaire____::55045bd2a65019fd8e6741a755395c8c,Unknown Repository,,,Publication Repository,10.57680/asep.0581870,true
doi_dedup___::08e64ec8880cbc6f418082fc372b4793,https://hdl.handle.net/11104/0368479,Dataset. Global drought impacts in near-real-time: a media-based database for drought impact reporting,2025-01-01,AVCR,Czech Academy of Sciences,CZ,re3data_____::8615271ce1a454e8561a4294278d4537,ASEP Repository,Repository of Czech Academy of Sciences,https://asep-portal.lib.cas.cz/basic-information/dataset-repository/,Data Repository,10.57680/asep.0637430,true
doi_dedup___::014b08d9535fd00b0005d29e556df69c,https://hdl.handle.net/11104/0361317,OpenData Bednyakov PRB 110 (2024),2025-01-01,AVCR,Czech Academy of Sciences,CZ,re3data_____::8615271ce1a454e8561a4294278d4537,ASEP Repository,Repository of Czech Academy of Sciences,https://asep-portal.lib.cas.cz/basic-information/dataset-repository/,Data Repository,10.57680/asep.0603998;10.57680/asep.0570660,true
doi_dedup___::216785999fe7783a7745a8d4a1d4fa2f,https://hdl.handle.net/11104/0365705,SPM nickel tip as a molecular spin sensor (figures).,2025-01-01,FZU,Institute of Physics,CZ,re3data_____::8615271ce1a454e8561a4294278d4537,ASEP Repository,Repository of Czech Academy of Sciences,https://asep-portal.lib.cas.cz/basic-information/dataset-repository/,Data Repository,10.57680/asep.0618910,true
doi_dedup___::09eae8b3a3ef4ecb95fa645de76c60fd,https://hdl.handle.net/11104/0365535,"Solid lipid nanoparticles coated with glucosylated poly(2-oxazoline)s. a supramolecular toolbox approach - UV-VIS, dynamic light scattering (size distribution) and biological data from solid lipid nanoparticles coated with glucosylated poly(2-oxazoline)s",2025-01-01,KNAV,Academy of Sciences Library,CZ,openaire____::55045bd2a65019fd8e6741a755395c8c,Unknown Repository,,,Publication Repository,10.57680/asep.0617758,true
doi_dedup___::31f511170eeadcab5b9a49e105de4fd3,https://hdl.handle.net/11104/0366081,Současná bibliografie (od roku 1945),2025-01-01,KNAV,Academy of Sciences Library,CZ,re3data_____::8615271ce1a454e8561a4294278d4537,ASEP Repository,Repository of Czech Academy of Sciences,https://asep-portal.lib.cas.cz/basic-information/dataset-repository/,Data Repository,10.57680/asep.0619234,true
doi_dedup___::b82739dc21f3836126b64a1e24f4c02e,https://hdl.handle.net/11104/0346371,Český literární exil 1948–1989,2023-01-01,KNAV,Academy of Sciences Library,CZ,openaire____::55045bd2a65019fd8e6741a755395c8c,Unknown Repository,,,Publication Repository,10.57680/asep.0576767,true
doi_dedup___::4a09b8c13fd4e6c09b3804e3d6e82df3,10261/311320,Reconstructing squamate biogeography in Afro-Arabia reveals the influence of a complex and dynamic geologic past,2021-04-14,Charles University,Charles University,CZ,re3data_____::94816e6421eeb072e7742ce6a9decc5f,DRYAD,,https://datadryad.org//,Data Repository,10.5061/dryad.wpzgmsbkn,true
doi_dedup___::3dbc9a4cf95fc86c4468ac5c03abd6d7,https://hdl.handle.net/11104/0364645,PyeloCysti,2025-01-01,KNAV,Academy of Sciences Library,CZ,re3data_____::8615271ce1a454e8561a4294278d4537,ASEP Repository,Repository of Czech Academy of Sciences,https://asep-portal.lib.cas.cz/basic-information/dataset-repository/,Data Repository,10.57680/asep.0617532,true
doi_dedup___::bb385dfe1fb0416b2d0d1e58bea6b52c,https://hdl.handle.net/11104/0365728,Size control of nanoparticles synthesized by pulsed laser ablation in liquids using donut-shaped beams,2025-01-01,AVCR,Czech Academy of Sciences,CZ,re3data_____::8615271ce1a454e8561a4294278d4537,ASEP Repository,Repository of Czech Academy of Sciences,https://asep-portal.lib.cas.cz/basic-information/dataset-repository/,Data Repository,10.57680/asep.0618932,true
doi_dedup___::d5288dace3ec6fa7de89a1d8e29afa74,https://hdl.handle.net/11104/0365587,"Soubor dat (xls) a dotazníky (pdf) související s článkem Different languages, different landscapes (Různé jazyky, různé krajiny)",2025-01-01,KNAV,Academy of Sciences Library,CZ,openaire____::55045bd2a65019fd8e6741a755395c8c,Unknown Repository,,,Publication Repository,10.57680/asep.0618765,true
doi_dedup___::bdb084fab5644ce636b9ff725f19d635,https://hdl.handle.net/11104/0369406,Output multireference paper,2025-01-01,AVCR,Czech Academy of Sciences,CZ,openaire____::55045bd2a65019fd8e6741a755395c8c,Unknown Repository,,,Publication Repository,10.57680/asep.0638849,true
doi_dedup___::dbe1e9c57162d18df91161374a2e9638,10067/1806440151162165141,"The roles of temperature, nest predators and information parasites for geographical variation in egg covering behaviour of tits (Paridae)",2020-01-01,"Palacký University, Olomouc","Palacký University, Olomouc",CZ,eurocrisdris::15aa175cd2b1390833bae20f3d7b7719,Flemish Research Information Space,FRIS,https://www.researchportal.be/en,Regional CRIS,10.5061/dryad.3bk3j9kft,true
doi_dedup___::2766b3041e68e983951e502963680e8f,https://hdl.handle.net/11104/0365202,Data to In-depth study of spectroscopic properties of new promising Pr3+-ion doped low-phonon susquisulfide Lu2S3 material for mid-IR laser sources,2025-01-01,KNAV,Academy of Sciences Library,CZ,openaire____::55045bd2a65019fd8e6741a755395c8c,Unknown Repository,,,Publication Repository,10.57680/asep.0618340,true
doi_dedup___::e207aa0e3eb86b1df635ee2225ffb5ed,https://hdl.handle.net/11104/0369949,Data for arxiv Crystals 2025 Ryabchikov,2025-01-01,AVCR,Czech Academy of Sciences,CZ,openaire____::55045bd2a65019fd8e6741a755395c8c,Unknown Repository,,,Publication Repository,10.57680/asep.0639524,true
doi_dedup___::b3cec1530a7402811ee372a365a8ddf0,https://hdl.handle.net/11104/0364646,Detection of siderophores as a superior non-invasive diagnostic tool in unraveling mixed fungal infections,2025-01-01,IM ,Institute of Microbiology,CZ,re3data_____::8615271ce1a454e8561a4294278d4537,ASEP Repository,Repository of Czech Academy of Sciences,https://asep-portal.lib.cas.cz/basic-information/dataset-repository/,Data Repository,10.57680/asep.0617530,true
doi_dedup___::e12e6972f678a62b02e0f6e3c8f9560e,https://hdl.handle.net/11104/0342967,Poezie na křižovatce (podkladová data),2023-01-01,AVCR,Czech Academy of Sciences,CZ,re3data_____::8615271ce1a454e8561a4294278d4537,ASEP Repository,Repository of Czech Academy of Sciences,https://asep-portal.lib.cas.cz/basic-information/dataset-repository/,Data Repository,10.57680/asep.0571974,true
doi_dedup___::de90043b67d0ed1dc03fec9317ab038a,https://hdl.handle.net/11104/0362081,Efficient Characterization of N-Beam Gaussian Fields Through Photon-Number Measurements: Quantum Universal Invariants,2025-01-01,FZU,Institute of Physics,CZ,opendoar____::358aee4cc897452c00244351e4d91f69,ZENODO,,http://zenodo.org/,Publication Repository,10.5281/zenodo.15039025;10.5281/zenodo.15039026;10.57680/asep.0604479,true
doi_dedup___::3fff3f9a0f526e4e2268bfab9ad810cc,https://hdl.handle.net/11104/0358102,Scedosporium-Lomentospora-paper,2024-01-01,AVCR,Czech Academy of Sciences,CZ,re3data_____::8615271ce1a454e8561a4294278d4537,ASEP Repository,Repository of Czech Academy of Sciences,https://asep-portal.lib.cas.cz/basic-information/dataset-repository/,Data Repository,10.57680/asep.0600684,true
doi_dedup___::f0d06f8fd7ceba46f214f45f98ccf301,https://hdl.handle.net/11104/0366018,Bibliografie českého literárního exilu (1948–1989),2023-01-01,AVCR,Czech Academy of Sciences,CZ,re3data_____::8615271ce1a454e8561a4294278d4537,ASEP Repository,Repository of Czech Academy of Sciences,https://asep-portal.lib.cas.cz/basic-information/dataset-repository/,Data Repository,10.57680/asep.0600384;10.57680/asep.0586125;10.57680/asep.0576766;10.57680/asep.0619237,true
doi_dedup___::689c07e00029202da7e9ace0b41c8d5c,https://hdl.handle.net/11104/0365963,LuASGG data,2025-01-01,KNAV,Academy of Sciences Library,CZ,openaire____::55045bd2a65019fd8e6741a755395c8c,Unknown Repository,,,Publication Repository,10.57680/asep.0619225,true
doi_dedup___::13ce1057fd6f5d2c4b05bbafffb99cbb,https://hdl.handle.net/11104/0365175,Dataset thin film growth of [Ni(Hvanox)2] NanoscaleAdv,2025-01-01,KNAV,Academy of Sciences Library,CZ,re3data_____::8615271ce1a454e8561a4294278d4537,ASEP Repository,Repository of Czech Academy of Sciences,https://asep-portal.lib.cas.cz/basic-information/dataset-repository/,Data Repository,10.57680/asep.0618314,true
doi_dedup___::5a8bd709f5cbe8e3744e835b72156621,https://hdl.handle.net/11104/0353646,"ALKARO – Almanachy, kalendáře, ročenky v českých zemích 1801–1945",2024-01-01,ICL,Institute of Czech Literature,CZ,openaire____::55045bd2a65019fd8e6741a755395c8c,Unknown Repository,,,Publication Repository,10.57680/asep.0586033;10.57680/asep.0600378;10.57680/asep.0619233,true
doi_dedup___::2b867b87b2963fa8ffa586db6e167f50,1942/40339,Global patterns in endemicity and vulnerability of soil fungi,2022-01-01,AVCR,Czech Academy of Sciences,CZ,eurocrisdris::15aa175cd2b1390833bae20f3d7b7719,Flemish Research Information Space,FRIS,https://www.researchportal.be/en,Regional CRIS,10.5281/zenodo.6983158;10.5281/zenodo.6983157,true
doi_dedup___::3c85aee6caa903a799792a7a76bd24e0,https://hdl.handle.net/11104/0353844,Dataset for Merging of Bi-Modality of Ultrafast Laser Processing. Heating of Si/Au Nanocomposite Solutions with Controlled Chemical Content,2024-01-01,FZU,Institute of Physics,CZ,openaire____::55045bd2a65019fd8e6741a755395c8c,Unknown Repository,,,Publication Repository,10.57680/asep.0586288,true
doi_dedup___::38acdf96c670291035fb03bc667be370,https://hdl.handle.net/11104/0367257,Data for arxiv SPIE 2025 Ryabchikov,2025-01-01,FZU,Institute of Physics,CZ,re3data_____::8615271ce1a454e8561a4294278d4537,ASEP Repository,Repository of Czech Academy of Sciences,https://asep-portal.lib.cas.cz/basic-information/dataset-repository/,Data Repository,10.57680/asep.0636314,true
doi_dedup___::dee17a418c422142b8fd794637a56ebb,https://hdl.handle.net/11104/0368845,Dataset. The Projected Changes in the Surface Energy Budget of the CMIP5 and EURO-CORDEX Models. Are We Heading toward Wetter Growing Seasons in Central Europe?,2025-01-01,GCC,Global Change Research Centre,CZ,re3data_____::8615271ce1a454e8561a4294278d4537,ASEP Repository,Repository of Czech Academy of Sciences,https://asep-portal.lib.cas.cz/basic-information/dataset-repository/,Data Repository,10.57680/asep.0638087,true
doi_dedup___::2c46ccb17996a45f1291a7163913c70b,https://hdl.handle.net/11104/0360491,"Primární zdrojová data k článku Findurová et al. (2024)""Acclimation of barley plants to elevated CO2 concentration and high light intensity does not increase their protection against drought, heat, and their combination""",2025-01-01,KNAV,Academy of Sciences Library,CZ,openaire____::55045bd2a65019fd8e6741a755395c8c,Unknown Repository,,,Publication Repository,10.57680/asep.0603121,true
doi_dedup___::984c855903d604ea2fc4975d725c7891,https://hdl.handle.net/11104/0368839,"Interakce vesiculinu s IGF2 receptorem - simulace molekulové dynamiky, raw data",2025-01-01,AVCR,Czech Academy of Sciences,CZ,re3data_____::8615271ce1a454e8561a4294278d4537,ASEP Repository,Repository of Czech Academy of Sciences,https://asep-portal.lib.cas.cz/basic-information/dataset-repository/,Data Repository,10.57680/asep.0638090,true
doi_dedup___::356217553978245d2bc79197ebdfac81,https://hdl.handle.net/11104/0369993,Data. Droughts on the move,2025-01-01,AVCR,Czech Academy of Sciences,CZ,re3data_____::8615271ce1a454e8561a4294278d4537,ASEP Repository,Repository of Czech Academy of Sciences,https://asep-portal.lib.cas.cz/basic-information/dataset-repository/,Data Repository,10.57680/asep.0639562,true
doi_dedup___::3828934f865b98033afc24be20cb5e46,https://hdl.handle.net/11104/0358019,Chemical Analysis of Post-Mining Lake Water in Czech Republic (2019-2021),2024-01-01,KNAV,Academy of Sciences Library,CZ,openaire____::55045bd2a65019fd8e6741a755395c8c,Unknown Repository,,,Publication Repository,10.57680/asep.0600721,true
doi_dedup___::917c8157a700044b5b6435a58c5da68d,https://hdl.handle.net/11104/0365956,Magnetic ground state discrimination of a Polyradical Nanog-raphene using Nickelocene-Functionalized Tips,2025-01-01,AVCR,Czech Academy of Sciences,CZ,openaire____::55045bd2a65019fd8e6741a755395c8c,Unknown Repository,,,Publication Repository,10.57680/asep.0619210,true
doi_dedup___::0f34fbb9fea69211c6950989a66a93c5,http://hdl.handle.net/11104/0312390,Anchored phylogenomics data used for phylogenomic analysis of Arvicanthini rodents,2020-01-01,ÚBO AV ČR,Institute of Vertebrate Biology,CZ,re3data_____::8615271ce1a454e8561a4294278d4537,ASEP Repository,Repository of Czech Academy of Sciences,https://asep-portal.lib.cas.cz/basic-information/dataset-repository/,Data Repository,10.57680/asep.0534139,true
doi_dedup___::32c8ce51acb369ede4f427a819a39ee4,https://hdl.handle.net/11104/0365942,Triangulene Dimers Linked via para-Biphenyl Units,2025-01-01,AVCR,Czech Academy of Sciences,CZ,openaire____::55045bd2a65019fd8e6741a755395c8c,Unknown Repository,,,Publication Repository,10.57680/asep.0619204,true
doi_dedup___::70d781b80eb0c1c369d11bc930478310,https://hdl.handle.net/11104/0363889,Substantial uptake of nitrous oxide (N2O) by shoots of mature European beech,2025-01-01,KNAV,Academy of Sciences Library,CZ,openaire____::55045bd2a65019fd8e6741a755395c8c,Unknown Repository,,,Publication Repository,10.57680/asep.0616897,true
doi_dedup___::912db4777fb888b52016ae2bfdfa4c50,1942/40519,Connecting the multiple dimensions of global soil fungal diversity,2023-01-01,AVCR,Czech Academy of Sciences,CZ,eurocrisdris::15aa175cd2b1390833bae20f3d7b7719,Flemish Research Information Space,FRIS,https://www.researchportal.be/en,Regional CRIS,10.5281/zenodo.8013447;10.5281/zenodo.8013448,true
doi_dedup___::e895e1ac13312f6bf0531351ec6aa349,https://hdl.handle.net/11104/0364633,Data pro článek. Structure-function relation of cytokinins determines their differential efficiency in mediating tobacco resistance against iPseudomonas syringae,2025-01-01,KNAV,Academy of Sciences Library,CZ,re3data_____::8615271ce1a454e8561a4294278d4537,ASEP Repository,Repository of Czech Academy of Sciences,https://asep-portal.lib.cas.cz/basic-information/dataset-repository/,Data Repository,10.57680/asep.0617766,true
doi_dedup___::d66acbccd09b8b3f0a742299ddf17290,https://hdl.handle.net/11104/0364986,Experimental data for the lattice parameters and bulk modulus of the cubic SrTi1-xMnxO3 perovskites as a function of Mn concentration,2025-01-01,AVCR,Czech Academy of Sciences,CZ,re3data_____::8615271ce1a454e8561a4294278d4537,ASEP Repository,Repository of Czech Academy of Sciences,https://asep-portal.lib.cas.cz/basic-information/dataset-repository/,Data Repository,10.57680/asep.0618132,true
doi_dedup___::59c4583c1edff262ee1440f15f0ff9f4,https://hdl.handle.net/11104/0365887,Data pro článek Elevated CO2 concentration alleviates the negative effect of vapour pressure deficit and soil drought on juvenile poplar growth,2025-01-01,GCC,Global Change Research Centre,CZ,openaire____::55045bd2a65019fd8e6741a755395c8c,Unknown Repository,,,Publication Repository,10.57680/asep.0618959,true
doi_dedup___::ee8f818fa8ff8d9f65902b6d498a5fe4,https://hdl.handle.net/11104/0346378,Česká literatura v překladu,2023-01-01,EÚ AV ČR,"Czech Academy of Sciences, Institute of Ethnology",CZ,re3data_____::8615271ce1a454e8561a4294278d4537,ASEP Repository,Repository of Czech Academy of Sciences,https://asep-portal.lib.cas.cz/basic-information/dataset-repository/,Data Repository,10.57680/asep.0619239;10.57680/asep.0576539,true
doi_dedup___::34691db5b480fd9599190189a1bf0612,https://hdl.handle.net/11104/0367584,Další datové soubory pro inhalaci CdO nanočástic,2025-01-01,AVCR,Czech Academy of Sciences,CZ,openaire____::55045bd2a65019fd8e6741a755395c8c,Unknown Repository,,,Publication Repository,10.57680/asep.0619297,true
doi_dedup___::f786ab0ff7306087c973d71712c88f6c,https://hdl.handle.net/11104/0359206,Thin hydrogenated amorphous silicon carbide layers with embedded Ge nanocrystals,2024-01-01,AVCR,Czech Academy of Sciences,CZ,openaire____::55045bd2a65019fd8e6741a755395c8c,Unknown Repository,,,Publication Repository,10.57680/asep.0601980,true
doi_dedup___::a43f5e10726cc845d7fd7edbe28024bb,https://hdl.handle.net/11104/0355710,Soubor primárních dat obsahu tokoferolů a sterolů v listech máty klasnaté (Mentha spicata) vystavené UV radiaci,2024-01-01,GCC,Global Change Research Centre,CZ,re3data_____::8615271ce1a454e8561a4294278d4537,ASEP Repository,Repository of Czech Academy of Sciences,https://asep-portal.lib.cas.cz/basic-information/dataset-repository/,Data Repository,10.57680/asep.0597927,true
doi_dedup___::b513a461f6548658e62f4ad23fca8539,https://hdl.handle.net/11104/0366427,Data. Changes in the physical properties of soils under conventional and no-tillage practices in temperate regions and simulations using selected agroecosystem models,2025-01-01,KNAV,Academy of Sciences Library,CZ,re3data_____::8615271ce1a454e8561a4294278d4537,ASEP Repository,Repository of Czech Academy of Sciences,https://asep-portal.lib.cas.cz/basic-information/dataset-repository/,Data Repository,10.57680/asep.0619505,true
doi_dedup___::45c75524bdf73e3b80a9b21c4e29337d,https://hdl.handle.net/11104/0367169,Kapilární elektroforéza s laserem indukovaou fluorescencí pro analýzu biologických thiolů v kondenzátu vydechovaného vzduchu po prekoncentraci na zlatých a zlatých magnetických nanočásticích,2025-01-01,KNAV,Academy of Sciences Library,CZ,openaire____::55045bd2a65019fd8e6741a755395c8c,Unknown Repository,,,Publication Repository,10.57680/asep.0636171,true
doi_dedup___::d303edd209e9476f3180959249b1b4b0,10261/364054,"Supplementary material to: Dengler, J., Jansen., F., … &amp; Gillet, F. (2023) Ecological Indicator Values for Europe (EIVE) 1.0. Vegetation Classification and Survey.",2023-01-13,MU,Masaryk University,CZ,opendoar____::c9f95a0a5af052bffce5c89917335f67,DIGITAL.CSIC,Spanish National Research Council,http://digital.csic.es/,Institutional Repository,10.5281/zenodo.7534792;10.5281/zenodo.7534791,true
doi_dedup___::9b159c4eca449409345b4ccf976e3f59,https://hdl.handle.net/11104/0365475,Detekce sideroforů jako skvělý neinvazívní nástroj pro diagnostiku houbových infekcí,2025-01-01,AVCR,Czech Academy of Sciences,CZ,openaire____::55045bd2a65019fd8e6741a755395c8c,Unknown Repository,,,Publication Repository,10.57680/asep.0618567,true
doi_dedup___::86274c5c35c5c459617257e5a1439e99,https://hdl.handle.net/11104/0358051,Ultrafast photoconductivity in graphene nanoribbons,2024-01-01,KNAV,Academy of Sciences Library,CZ,re3data_____::8615271ce1a454e8561a4294278d4537,ASEP Repository,Repository of Czech Academy of Sciences,https://asep-portal.lib.cas.cz/basic-information/dataset-repository/,Data Repository,10.57680/asep.0600755,true
doi_dedup___::622d29debd5289f2ab8f4f837b9a14cd,https://hdl.handle.net/11104/0351148,Soubor primárnich dat klimatických charakteristik a izotopů uhlíku,2024-01-01,KNAV,Academy of Sciences Library,CZ,re3data_____::8615271ce1a454e8561a4294278d4537,ASEP Repository,Repository of Czech Academy of Sciences,https://asep-portal.lib.cas.cz/basic-information/dataset-repository/,Data Repository,10.57680/asep.0583155,true
doi_dedup___::f81cf3eed7e5029e6c4c090cda5e051c,https://hdl.handle.net/11104/0366702,Design precipitation estimates combined from high-resolution adjusted radar data and long term ombrographic measurements.,2025-01-01,KNAV,Academy of Sciences Library,CZ,openaire____::55045bd2a65019fd8e6741a755395c8c,Unknown Repository,,,Publication Repository,10.57680/asep.0619880,true
doi_dedup___::77f3db56766d5498ee336ea9282db7e8,https://hdl.handle.net/11104/0359152,EAO dataset,2024-01-01,AVCR,Czech Academy of Sciences,CZ,re3data_____::8615271ce1a454e8561a4294278d4537,ASEP Repository,Repository of Czech Academy of Sciences,https://asep-portal.lib.cas.cz/basic-information/dataset-repository/,Data Repository,10.57680/asep.0601927,true
doi_dedup___::dd0cef1741cb1145d1f80eeaa21e8d4f,10261/387511,"Data from: Physiological thermal niches, elevational ranges and thermal stress in dendrobatid frogs: An integrated approach",2024-04-24,AVCR,Czech Academy of Sciences,CZ,openaire____::4cb2a3eb94033446c37331f60fad0847,"Recolector de Ciencia Abierta, RECOLECTA","Recolector de Ciencia Abierta, RECOLECTA",https://www.recolecta.fecyt.es/,Institutional Repository Aggregator,10.5061/dryad.d51c5b094,true
doi_dedup___::6d7083a8a5fd4d8e509bbcb323e512ed,https://hdl.handle.net/11104/0362661,Data underlying the publication. Swelling mechanism of polyoxazoline-based gel polymer electrolytes for Lithium-ion batteries,2025-01-01,AVCR,Czech Academy of Sciences,CZ,openaire____::55045bd2a65019fd8e6741a755395c8c,Unknown Repository,,,Publication Repository,10.57680/asep.0605036,true
doi_dedup___::878d16ccafce7bd745529590fb634d59,http://hdl.handle.net/10400.11/10129,"Global hydrological dataset of daily streamflow data from the Reference Observatory of Basins for INternational hydrological climate change detection (ROBIN), 1863 - 2022",2024-01-01,CULS,Czech University of Life Sciences Prague,CZ,openaire____::55045bd2a65019fd8e6741a755395c8c,Unknown Repository,,,Publication Repository,10.5285/3b077711-f183-42f1-bac6-c892922c81f4,true
doi_dedup___::8c5e59245b84073fd8ce950134c41b54,https://hdl.handle.net/11104/0369397,"Dataset. Cropping history, agronomic rules, and commodity prices 2 shape crop rotations across Central Europe",2025-01-01,AVCR,Czech Academy of Sciences,CZ,re3data_____::8615271ce1a454e8561a4294278d4537,ASEP Repository,Repository of Czech Academy of Sciences,https://asep-portal.lib.cas.cz/basic-information/dataset-repository/,Data Repository,10.57680/asep.0638836,true
doi_dedup___::bad91623e94f4fcee99cfdf6859c1181,https://hdl.handle.net/11104/0353730,Dataset for Momentum-dependent intraband high harmonic generation in a photodoped indirect semiconductor,2024-01-01,KNAV,Academy of Sciences Library,CZ,openaire____::55045bd2a65019fd8e6741a755395c8c,Unknown Repository,,,Publication Repository,10.57680/asep.0586145,true
doi_dedup___::afb37c26c9d159ce98253a1ea5bb5d43,https://hdl.handle.net/11104/0352684,Raw data of the molecular dynamics simulation trajectories and normal mode analyses of tubulin heterodimer A2205,2024-01-01,AVCR,Czech Academy of Sciences,CZ,re3data_____::8615271ce1a454e8561a4294278d4537,ASEP Repository,Repository of Czech Academy of Sciences,https://asep-portal.lib.cas.cz/basic-information/dataset-repository/,Data Repository,10.57680/asep.0584789,true
doi_dedup___::53a376cbe09d560b6842271333303e0d,https://hdl.handle.net/11104/0354787,QFSLG Graphene nanoribbons in THz,2024-01-01,KNAV,Academy of Sciences Library,CZ,re3data_____::8615271ce1a454e8561a4294278d4537,ASEP Repository,Repository of Czech Academy of Sciences,https://asep-portal.lib.cas.cz/basic-information/dataset-repository/,Data Repository,10.57680/asep.0587660,true
doi_dedup___::b21c0dea833d8ca211099fa4ae998b51,https://hdl.handle.net/11104/0366076,Data pro článek. Reliability of fire danger forecasts for Czech agricultural and forestry landscapes,2025-01-01,AVCR,Czech Academy of Sciences,CZ,re3data_____::8615271ce1a454e8561a4294278d4537,ASEP Repository,Repository of Czech Academy of Sciences,https://asep-portal.lib.cas.cz/basic-information/dataset-repository/,Data Repository,10.57680/asep.0619176,true
doi_dedup___::a32b21d39931fa10bb7deddeffe40f1a,https://hdl.handle.net/11104/0365531, Data for Figures. Exploring scintillators and Cherenkov radiators for MIP timing detectors,2025-01-01,AVCR,Czech Academy of Sciences,CZ,re3data_____::8615271ce1a454e8561a4294278d4537,ASEP Repository,Repository of Czech Academy of Sciences,https://asep-portal.lib.cas.cz/basic-information/dataset-repository/,Data Repository,10.57680/asep.0618705,true
doi_dedup___::300b71e1be426c6c85c58bd62a36c74c,https://hdl.handle.net/11104/0368581,HZO dataset,2025-01-01,AVCR,Czech Academy of Sciences,CZ,openaire____::55045bd2a65019fd8e6741a755395c8c,Unknown Repository,,,Publication Repository,10.57680/asep.0637780,true
doi_dedup___::c82fd3d620a6e5bd1134a216869cb20e,https://hdl.handle.net/11104/0354841,Thermal Stability of Electron Beam Welded AlCoCrFeNi2.1 Alloy - Data from the article,2024-01-01,ISI AS CR,Institute of Scientific Instruments,CZ,openaire____::55045bd2a65019fd8e6741a755395c8c,Unknown Repository,,,Publication Repository,10.57680/asep.0587738,true
doi_dedup___::3175139ea0eb22b7161e44e7fc165fa7,https://hdl.handle.net/11104/0354572,Li2MnCl4 Vanecek et al,2024-01-01,FZU,Institute of Physics,CZ,re3data_____::8615271ce1a454e8561a4294278d4537,ASEP Repository,Repository of Czech Academy of Sciences,https://asep-portal.lib.cas.cz/basic-information/dataset-repository/,Data Repository,10.57680/asep.0587383,true
doi_dedup___::fb6885a40de7edafa2f4cc82a883010d,https://hdl.handle.net/11104/0367272,Cs2Li3I5 Krehlikova et al,2025-01-01,KNAV,Academy of Sciences Library,CZ,re3data_____::8615271ce1a454e8561a4294278d4537,ASEP Repository,Repository of Czech Academy of Sciences,https://asep-portal.lib.cas.cz/basic-information/dataset-repository/,Data Repository,10.57680/asep.0636349,true
doi_dedup___::94c83a6a38f3239f1af008dc37a1d982,https://hdl.handle.net/11104/0361159,Dataset for Heterogeneous nucleation in an aluminum droplet at low supercooling,2025-01-01,AVCR,Czech Academy of Sciences,CZ,re3data_____::8615271ce1a454e8561a4294278d4537,ASEP Repository,Repository of Czech Academy of Sciences,https://asep-portal.lib.cas.cz/basic-information/dataset-repository/,Data Repository,10.57680/asep.0603863,true
doi_dedup___::6856557019e80b3a49b3c0650abf7b0f,https://hdl.handle.net/11104/0367016,Kovar LMP 2024 simulace data,2025-01-01,FZU,Institute of Physics,CZ,re3data_____::8615271ce1a454e8561a4294278d4537,ASEP Repository,Repository of Czech Academy of Sciences,https://asep-portal.lib.cas.cz/basic-information/dataset-repository/,Data Repository,10.57680/asep.0636010,true
doi_dedup___::7f4413e488cf85c6dca5a95caf21308f,10067/1806180151162165141,Global Soil Temperature code and data,2021-01-01,AVCR,Czech Academy of Sciences,CZ,opendoar____::a03fa30821986dff10fc66647c84c9c3,Institutional Repository Universiteit Antwerpen,IRUA,https://repository.uantwerpen.be/,Institutional Repository,10.5281/zenodo.7970893;10.5281/zenodo.4558663;10.5281/zenodo.4558662,true
doi_dedup___::7037b3269baf9e8557678f5a3eff0890,https://hdl.handle.net/11104/0366428,Soubor primárních dat pro globální meta-analýzu vlivu UV záření na efektivitu využití vody v rostlinách,2025-01-01,GCC,Global Change Research Centre,CZ,re3data_____::8615271ce1a454e8561a4294278d4537,ASEP Repository,Repository of Czech Academy of Sciences,https://asep-portal.lib.cas.cz/basic-information/dataset-repository/,Data Repository,10.57680/asep.0619774,true
doi_dedup___::cc16cb4b903be45677f1f7610e4c3356,10067/2113400151162165141,A global analysis of field body temperatures of active squamates in relation to climate and behaviour,2024-01-01,University of Ostrava,University of Ostrava,CZ,re3data_____::94816e6421eeb072e7742ce6a9decc5f,DRYAD,,https://datadryad.org//,Data Repository,10.5061/dryad.5dv41nscz,true
doi_dedup___::2fc368990ea05ecdfd12762d25c2324f,http://hdl.handle.net/11104/0311955,Genomické ddRAD datasety etiopských Lophuromys,2020-01-01,ÚBO AV ČR,Institute of Vertebrate Biology,CZ,openaire____::55045bd2a65019fd8e6741a755395c8c,Unknown Repository,,,Publication Repository,10.57680/asep.0533584,true
doi_dedup___::87baffa06d73f285d47623bbffb44523,10067/1691390151162165141,Illicit drugs in wastewater - SCORE initiative,2019-01-01,CENAKVA,South Bohemia research center of aquaculture and biodiversity of hydrocenoses,CZ,eurocrisdris::15aa175cd2b1390833bae20f3d7b7719,Flemish Research Information Space,FRIS,https://www.researchportal.be/en,Regional CRIS,10.25678/000172,true
doi_dedup___::91fb2c3500e0c063c1d489d602ce4185,10044/1/71144,How does forest conversion and fragmentation affect ant communities and the ecosystem processes that they mediate?,2019-01-01,AVCR,Czech Academy of Sciences,CZ,opendoar____::358aee4cc897452c00244351e4d91f69,ZENODO,,http://zenodo.org/,Publication Repository,10.5281/zenodo.3247485;10.5281/zenodo.3247484;10.5281/zenodo.3876227,true
doi_dedup___::ae0b0cabbe119410d89b4b3d84d1314f,10261/283385,Data from: The balance of canopy and soil effects determines intraspecific differences in foundation species’ effects on associated plants,2019-05-15,JČU,University of South Bohemia in České Budějovice,CZ,re3data_____::94816e6421eeb072e7742ce6a9decc5f,DRYAD,,https://datadryad.org//,Data Repository,10.5061/dryad.gk15h50,true
doi_dedup___::43e893d04c25cea91caf427016378182,https://hdl.handle.net/11104/0367019,Rapid and precise large area mapping of rare-earth doping homogeneity in luminescent materials,2025-01-01,KNAV,Academy of Sciences Library,CZ,re3data_____::8615271ce1a454e8561a4294278d4537,ASEP Repository,Repository of Czech Academy of Sciences,https://asep-portal.lib.cas.cz/basic-information/dataset-repository/,Data Repository,10.57680/asep.0636018,true
doi_dedup___::475ed22e77244cdc5be4c8bc724e82ec,https://hdl.handle.net/11104/0364696,Experimental data of the study on high temperature interactions of lead palmitate with linseed oil,2025-01-01,KNAV,Academy of Sciences Library,CZ,re3data_____::8615271ce1a454e8561a4294278d4537,ASEP Repository,Repository of Czech Academy of Sciences,https://asep-portal.lib.cas.cz/basic-information/dataset-repository/,Data Repository,10.57680/asep.0617631,true
doi_dedup___::0752b2f50bc24a0f63daa395396f1f4d,https://hdl.handle.net/11104/0356884,XRDdata.zip,2024-01-01,AVCR,Czech Academy of Sciences,CZ,re3data_____::8615271ce1a454e8561a4294278d4537,ASEP Repository,Repository of Czech Academy of Sciences,https://asep-portal.lib.cas.cz/basic-information/dataset-repository/,Data Repository,10.57680/asep.0599363,true
doi_dedup___::d96917fcb5a52b934266ba7bf7eba7e5,https://hdl.handle.net/11104/0360266,Seznam dochovaných rukopisů v knihovnách rudolfinské doby.,2024-01-01,AVCR,Czech Academy of Sciences,CZ,openaire____::55045bd2a65019fd8e6741a755395c8c,Unknown Repository,,,Publication Repository,10.57680/asep.0636620;10.57680/asep.0602974,true
doi_dedup___::771e2d4e39da59e8e44d193b3853beb8,https://hdl.handle.net/11104/0361121,"Data k článku ""Differences in phenological term changes in field crops and wild plants – do they have the same response to climate change in Central Europe?""",2025-01-01,AVCR,Czech Academy of Sciences,CZ,re3data_____::8615271ce1a454e8561a4294278d4537,ASEP Repository,Repository of Czech Academy of Sciences,https://asep-portal.lib.cas.cz/basic-information/dataset-repository/,Data Repository,10.57680/asep.0603673,true
doi_dedup___::03208da665d9db32426c8057bd9fa227,https://hdl.handle.net/11104/0366225,Lumina quaerentur. Postsocialistická transformace jako historický proces a sociální zkušenost (Podnikání),2025-01-01,KNAV,Academy of Sciences Library,CZ,re3data_____::8615271ce1a454e8561a4294278d4537,ASEP Repository,Repository of Czech Academy of Sciences,https://asep-portal.lib.cas.cz/basic-information/dataset-repository/,Data Repository,10.57680/asep.0619562,true
doi_dedup___::f2aa13f367c0c83794c0c1a720552cdb,http://hdl.handle.net/11104/0315416,"Validation of the PALM model system 6.0 in real urban environment. case study of Prague-Dejvice, Czech Republic.",2021-01-01,KNAV,Academy of Sciences Library,CZ,openaire____::55045bd2a65019fd8e6741a755395c8c,Unknown Repository,,,Publication Repository,10.57680/asep.0537176,true
doi_dedup___::148c7a063b9683278b5f7a27d04d544f,https://hdl.handle.net/11104/0363126,Data k článku. Climate-induced Severe Water Scarcity Events as Harbingers of Global Grain Price,2025-01-01,KNAV,Academy of Sciences Library,CZ,re3data_____::8615271ce1a454e8561a4294278d4537,ASEP Repository,Repository of Czech Academy of Sciences,https://asep-portal.lib.cas.cz/basic-information/dataset-repository/,Data Repository,10.57680/asep.0605406;10.57680/asep.0638995,true
doi_dedup___::13a2d1f1856c87179e35044e78728609,10067/2112340151162165141,Replication Data for: Politicians' Theories of Voting Behaviour,2024-01-01,Charles University,Charles University,CZ,opendoar____::a03fa30821986dff10fc66647c84c9c3,Institutional Repository Universiteit Antwerpen,IRUA,https://repository.uantwerpen.be/,Institutional Repository,10.7910/dvn/qraudj,true
doi_dedup___::f5dabf88698d16491f5dbdfe2b99f035,10261/394203,Integrating genomics and biogeography to unravel the origin of a mountain biota: The case of a reptile endemicity hotspot in Arabia,2023-05-12,Charles University,Charles University,CZ,re3data_____::94816e6421eeb072e7742ce6a9decc5f,DRYAD,,https://datadryad.org//,Data Repository,10.5061/dryad.r7sqv9sj3,true
doi_dedup___::3cb0396b1a09681b07bac699d688db8c,https://hdl.handle.net/11104/0365005,Soubor primárních dat k publikaci. Drought Shifts Ozone Deposition Pathways in Spruce Forest from Stomatal to Non-Stomatal Flux,2025-01-01,AVCR,Czech Academy of Sciences,CZ,re3data_____::8615271ce1a454e8561a4294278d4537,ASEP Repository,Repository of Czech Academy of Sciences,https://asep-portal.lib.cas.cz/basic-information/dataset-repository/,Data Repository,10.57680/asep.0618194,true
doi_dedup___::5c2e0aaf4263c17472221d3d82f373b7,20.500.12928/1XPKPD,AESOPUS 2.0: Low-Temperature Opacities with Solid Grains,2023-08-07,FZU,Institute of Physics,CZ,opendoar____::358aee4cc897452c00244351e4d91f69,ZENODO,,http://zenodo.org/,Publication Repository,10.5281/zenodo.8221361;10.5281/zenodo.8221362,true
doi_dedup___::8581f9917ed6043ea8f340ff1ad63ff8,https://hdl.handle.net/11104/0349946,Typologie vodních mlýnů dle typu vodního zdroje,2024-01-01,Institute of History,Institute of History,CZ,openaire____::55045bd2a65019fd8e6741a755395c8c,Unknown Repository,,,Publication Repository,10.57680/asep.0581697,true
doi_dedup___::cebdb38b7830a1b6881baee3001db2ac,https://hdl.handle.net/11104/0360262,Signety tiskařů a nakladatelů ze 16. a 17. století v tiscích z fondu Knihovny Akademie věd ČR,2024-01-01,AVCR,Czech Academy of Sciences,CZ,re3data_____::8615271ce1a454e8561a4294278d4537,ASEP Repository,Repository of Czech Academy of Sciences,https://asep-portal.lib.cas.cz/basic-information/dataset-repository/,Data Repository,10.57680/asep.0584191,true
doi_dedup___::9701d3387bbd9530027634eb2c553eae,https://hdl.handle.net/11104/0367224,Determination of nitrogen dioxide and ozone in ambient air using modified chemiluminescent online analysers,2025-01-01,IAC,Institute of Analytical Chemistry,CZ,openaire____::55045bd2a65019fd8e6741a755395c8c,Unknown Repository,,,Publication Repository,10.57680/asep.0636276,true
doi_dedup___::53a123260b7ff862d95921115bf805f1,https://hdl.handle.net/11104/0366017,Český literární exil 1948–1989,2024-01-01,ICL,Institute of Czech Literature,CZ,re3data_____::8615271ce1a454e8561a4294278d4537,ASEP Repository,Repository of Czech Academy of Sciences,https://asep-portal.lib.cas.cz/basic-information/dataset-repository/,Data Repository,10.57680/asep.0600385;10.57680/asep.0586038;10.57680/asep.0619238,true
doi_dedup___::e0c8bc02451771d2086a8488d0f952f4,https://hdl.handle.net/11104/0346347,Living Through and Acknowledging Disruption. Envisioning Ethnography of Resilience in the Era of Multiple Crises,2023-01-01,EÚ AV ČR,"Czech Academy of Sciences, Institute of Ethnology",CZ,openaire____::55045bd2a65019fd8e6741a755395c8c,Unknown Repository,,,Publication Repository,10.57680/asep.0576511,true
doi_dedup___::0cd9b4a7b21deb8ea1f0d620f7b097e8,https://hdl.handle.net/11104/0354832,OpenData Tesar JMA 12(6) 2024,2024-01-01,IRSM AS CR,Institute of Rock Structure and Mechanics,CZ,re3data_____::8615271ce1a454e8561a4294278d4537,ASEP Repository,Repository of Czech Academy of Sciences,https://asep-portal.lib.cas.cz/basic-information/dataset-repository/,Data Repository,10.57680/asep.0587727,true
doi_dedup___::0e9fa613dc41eddabdd90f2783f1d5bb,https://hdl.handle.net/11104/0356273,Dataset for Design of “Green” Plasmonic Nanocomposites with Multi-Band Blue Emission for Ultrafast Laser Hyperthermia,2024-01-01,AVCR,Czech Academy of Sciences,CZ,openaire____::55045bd2a65019fd8e6741a755395c8c,Unknown Repository,,,Publication Repository,10.57680/asep.0598646,true
doi_dedup___::5fedc74f3df18af3f11f3610b2e43b4d,https://hdl.handle.net/11104/0346046,Databáze český literární internet,2023-01-01,KNAV,Academy of Sciences Library,CZ,re3data_____::8615271ce1a454e8561a4294278d4537,ASEP Repository,Repository of Czech Academy of Sciences,https://asep-portal.lib.cas.cz/basic-information/dataset-repository/,Data Repository,10.57680/asep.0573247,true
doi_dedup___::b43fe28d2e8c6cd6f597d5e0da88ea2c,https://hdl.handle.net/11104/0354504,Ramanova spektra extremofilních řas,2024-01-01,AVCR,Czech Academy of Sciences,CZ,openaire____::55045bd2a65019fd8e6741a755395c8c,Unknown Repository,,,Publication Repository,10.57680/asep.0587258,true
doi_dedup___::8f53a6899a65b0b3ffc721007d5af765,10044/1/75713,Microclimate proxy measurements from a logging gradient in Malaysian Borneo (BALI project),2019-07-03,Mendel University Brno,Mendel University Brno,CZ,opendoar____::358aee4cc897452c00244351e4d91f69,ZENODO,,http://zenodo.org/,Publication Repository,10.5281/zenodo.3266821;10.5281/zenodo.3266822,true
doi_dedup___::26cd031f19b2bbf7f5ea62bdd2dcd633,https://hdl.handle.net/11104/0356336,"Dataset for ""Effects of weather and climate on fluctuations of grain prices in southwestern Bohemia, 1725–1824 CE""",2024-01-01,MU,Masaryk University,CZ,openaire____::55045bd2a65019fd8e6741a755395c8c,Unknown Repository,,,Publication Repository,10.57680/asep.0598714;10.5281/zenodo.13849311;10.5281/zenodo.13849312,true
doi_dedup___::642e2116f9baaeedc723a72a8429fc46,https://hdl.handle.net/11104/0338466,Evropská Street Resiliency.,2023-01-01,ÚI AV ČR,"Czech Academy of Sciences, Institute of Computer Science",CZ,openaire____::55045bd2a65019fd8e6741a755395c8c,Unknown Repository,,,Publication Repository,10.57680/0567160,true
doi_dedup___::abfda0cf8dde7b2d0a832841823ac26c,https://hdl.handle.net/11104/0355494,Dataset for Coexisting polarization mechanisms in ferroelectric uniaxial tetragonal tungsten bronze Ca.sub.0.3./sub.Ba.sub.0.7./sub.Nb.sub.2./sub.O.sub.6./sub. (CBN-30),2024-01-01,FZU,Institute of Physics,CZ,openaire____::55045bd2a65019fd8e6741a755395c8c,Unknown Repository,,,Publication Repository,10.57680/asep.0597604,true
doi_dedup___::8bf5970a5369018512fcf83410b32931,https://hdl.handle.net/11104/0359556,Reflective and black Aluminium properties,2024-01-01,AVCR,Czech Academy of Sciences,CZ,re3data_____::8615271ce1a454e8561a4294278d4537,ASEP Repository,Repository of Czech Academy of Sciences,https://asep-portal.lib.cas.cz/basic-information/dataset-repository/,Data Repository,10.57680/asep.0602380,true
doi_dedup___::04a8a3e89e2418de23ff42597b6b87af,20.500.12614/3286,Data - Lanthanide metal–organic network featuring strong perpendicular magnetic anisotropy,2023-01-01,VUT,Brno University of Technology,CZ,opendoar____::1aab7baa714e14868fe9eac65fcbd315,Institutional Repository of IMDEA Nanociencia,Institutional Repository of IMDEA Nanociencia,https://repositorio.imdeananociencia.org,Institutional Repository,10.5281/zenodo.14196376;10.5281/zenodo.14196375,true
doi_dedup___::9ea6813c31a67963dc6419d815090525,https://hdl.handle.net/11104/0353644,Česká literární bibliografie,2023-01-01,ICL,Institute of Czech Literature,CZ,re3data_____::8615271ce1a454e8561a4294278d4537,ASEP Repository,Repository of Czech Academy of Sciences,https://asep-portal.lib.cas.cz/basic-information/dataset-repository/,Data Repository,10.57680/asep.0586041;10.57680/asep.0619242;10.57680/asep.0600376;10.57680/asep.0576768,true
doi_dedup___::fb3a73fdc4ef14c7dea13b0039aba7e8,https://hdl.handle.net/11104/0366256,Crystallographic data,2025-01-01,KNAV,Academy of Sciences Library,CZ,re3data_____::8615271ce1a454e8561a4294278d4537,ASEP Repository,Repository of Czech Academy of Sciences,https://asep-portal.lib.cas.cz/basic-information/dataset-repository/,Data Repository,10.57680/asep.0619591,true
doi_dedup___::868f6f416d431094d25f678106fba820,https://hdl.handle.net/11104/0361996,Data for arxiv Crystals 2024 Ryabchikov,2025-01-01,KNAV,Academy of Sciences Library,CZ,re3data_____::8615271ce1a454e8561a4294278d4537,ASEP Repository,Repository of Czech Academy of Sciences,https://asep-portal.lib.cas.cz/basic-information/dataset-repository/,Data Repository,10.57680/asep.0604558,true
doi_dedup___::984f6fd225a80d3c3eea1ef0547f116d,https://hdl.handle.net/11104/0364363,Mapy židovského osídlení 1857–1930,2025-01-01,AVCR,Czech Academy of Sciences,CZ,openaire____::55045bd2a65019fd8e6741a755395c8c,Unknown Repository,,,Publication Repository,10.57680/asep.0601241,true
doi_dedup___::ce0d8950bef9659b635b301a93b213da,https://hdl.handle.net/11104/0355565,"Dataset for Robust pinned magnetisation in A2Ir2O7 iridates, the case of Er2Ir2O7 and Lu2Ir2O7 flux-grown single crystals",2024-01-01,FZU,Institute of Physics,CZ,re3data_____::8615271ce1a454e8561a4294278d4537,ASEP Repository,Repository of Czech Academy of Sciences,https://asep-portal.lib.cas.cz/basic-information/dataset-repository/,Data Repository,10.57680/asep.0597724,true
doi_dedup___::e206351b77ed23854eb36eda34f342f7,https://hdl.handle.net/11104/0366734,Bartosiewicz et al LuYAS data,2025-01-01,NPI,Nuclear Physics Institute,CZ,openaire____::55045bd2a65019fd8e6741a755395c8c,Unknown Repository,,,Publication Repository,10.57680/asep.0635702,true
doi_dedup___::7803e19304e499bb911436e274baa600,https://hdl.handle.net/11104/0357528,Codes&amp;Models,2024-01-01,FZU,Institute of Physics,CZ,re3data_____::8615271ce1a454e8561a4294278d4537,ASEP Repository,Repository of Czech Academy of Sciences,https://asep-portal.lib.cas.cz/basic-information/dataset-repository/,Data Repository,10.57680/asep.0600178,true
doi_dedup___::406991ffe55906bf4c5334742aa6dd46,https://hdl.handle.net/11104/0354247,Dataset for Enhanced photoluminescence of plasma treated recycled glass particles,2024-01-01,AVCR,Czech Academy of Sciences,CZ,openaire____::55045bd2a65019fd8e6741a755395c8c,Unknown Repository,,,Publication Repository,10.57680/asep.0586873;10.57680/asep.0586898,true
doi_dedup___::5a2065340e37db4ed9370aa1215e3564,http://hdl.handle.net/11104/0309669,Sensitivity Analysis of the PALM Model System 6.0 in the Urban Environment,2020-01-01,AVCR,Czech Academy of Sciences,CZ,re3data_____::8615271ce1a454e8561a4294278d4537,ASEP Repository,Repository of Czech Academy of Sciences,https://asep-portal.lib.cas.cz/basic-information/dataset-repository/,Data Repository,10.57680/asep.0525499,true
doi_dedup___::0735e036eeed23c3b96a6ca26d435b3b,https://hdl.handle.net/11104/0358735,Crystallographic_data_with_embedded_Jana2020_files_Dervillite from Jachymov,2024-01-01,FZU,Institute of Physics,CZ,re3data_____::8615271ce1a454e8561a4294278d4537,ASEP Repository,Repository of Czech Academy of Sciences,https://asep-portal.lib.cas.cz/basic-information/dataset-repository/,Data Repository,10.57680/asep.0601546,true
doi_dedup___::47126a445ee85e4ae47868ae5523e68b,https://hdl.handle.net/11104/0364359,Dataset paper Amourphous DLC N,2025-01-01,AVCR,Czech Academy of Sciences,CZ,openaire____::55045bd2a65019fd8e6741a755395c8c,Unknown Repository,,,Publication Repository,10.57680/asep.0617466,true
doi_dedup___::5656e7f2a71e9416e9a35913800b908d,https://hdl.handle.net/11104/0354583,HPLC a LC-MS data (Stilbenes in Carex acuta and Carex lepidocarpa),2024-01-01,KNAV,Academy of Sciences Library,CZ,openaire____::55045bd2a65019fd8e6741a755395c8c,Unknown Repository,,,Publication Repository,10.57680/asep.0587399,true
doi_dedup___::69c448cde5702543c0810d055756e0a5,https://hdl.handle.net/11104/0367270,"Optical, electrical and surface properties of bare and Al-doped nanocrystalline ZnO thin films prepared by pulsed laser deposition on interdigital electrodes",2025-01-01,AVCR,Czech Academy of Sciences,CZ,re3data_____::8615271ce1a454e8561a4294278d4537,ASEP Repository,Repository of Czech Academy of Sciences,https://asep-portal.lib.cas.cz/basic-information/dataset-repository/,Data Repository,10.57680/asep.0636315,true
doi_dedup___::37529a8466b6df5d5487b332d0520ad0,https://hdl.handle.net/11104/0363450,Dataset-PILs-Sensors ACS-Omega,2025-01-01,KNAV,Academy of Sciences Library,CZ,openaire____::55045bd2a65019fd8e6741a755395c8c,Unknown Repository,,,Publication Repository,10.57680/asep.0615014,true
doi_dedup___::d08b16a63559765e93a0103ea1df1291,https://hdl.handle.net/11104/0360380,Galar Dominant Faceting,2024-01-01,KNAV,Academy of Sciences Library,CZ,openaire____::55045bd2a65019fd8e6741a755395c8c,Unknown Repository,,,Publication Repository,10.57680/asep.0603089,true
doi_dedup___::1c8d3abba24fd7bf675663c64f1edddb,https://hdl.handle.net/11104/0357704,Bibliografie českého literárního samizdatu,2023-01-01,AVCR,Czech Academy of Sciences,CZ,re3data_____::8615271ce1a454e8561a4294278d4537,ASEP Repository,Repository of Czech Academy of Sciences,https://asep-portal.lib.cas.cz/basic-information/dataset-repository/,Data Repository,10.57680/asep.0576765;10.57680/asep.0600383;10.57680/asep.0586031,true
doi_dedup___::dae9912ca3f1c5e654358a79c33bb3c0,10754/666537,Fonio millet genome unlocks African orphan crop diversity for agriculture in a changing climate,2020-08-12,AVCR,Czech Academy of Sciences,CZ,re3data_____::94816e6421eeb072e7742ce6a9decc5f,DRYAD,,https://datadryad.org//,Data Repository,10.5061/dryad.2v6wwpzj0,true
doi_dedup___::6a2b55d1482b228388e77dc3fb645bdd,https://hdl.handle.net/11104/0346376,Současná bibliografie (od roku 1945),2023-01-01,AVCR,Czech Academy of Sciences,CZ,openaire____::55045bd2a65019fd8e6741a755395c8c,Unknown Repository,,,Publication Repository,10.57680/asep.0586027;10.57680/asep.0576761;10.57680/asep.0600381,true
doi_dedup___::799a8e811a5806ec29ead18e8e880158,https://hdl.handle.net/11104/0353650,Retrospektivní bibliografie české literatury 1770–1945,2023-01-01,AVCR,Czech Academy of Sciences,CZ,re3data_____::8615271ce1a454e8561a4294278d4537,ASEP Repository,Repository of Czech Academy of Sciences,https://asep-portal.lib.cas.cz/basic-information/dataset-repository/,Data Repository,10.57680/asep.0619241;10.57680/asep.0576760;10.57680/asep.0600377;10.57680/asep.0586015,true
doi_dedup___::43d3f62220d1e23cc160f4224ae79b88,https://hdl.handle.net/11104/0353648,Bibliografie českého literárního internetu,2024-01-01,ICL,Institute of Czech Literature,CZ,re3data_____::8615271ce1a454e8561a4294278d4537,ASEP Repository,Repository of Czech Academy of Sciences,https://asep-portal.lib.cas.cz/basic-information/dataset-repository/,Data Repository,10.57680/asep.0619235;10.57680/asep.0600382;10.57680/asep.0586029,true
doi_dedup___::f0d06f8fd7ceba46f214f45f98ccf301,https://hdl.handle.net/11104/0353697,Bibliografie českého literárního exilu (1948–1989),2023-01-01,KNAV,Academy of Sciences Library,CZ,openaire____::55045bd2a65019fd8e6741a755395c8c,Unknown Repository,,,Publication Repository,10.57680/asep.0600384;10.57680/asep.0586125;10.57680/asep.0576766;10.57680/asep.0619237,true
doi_dedup___::1c8d3abba24fd7bf675663c64f1edddb,https://hdl.handle.net/11104/0346373,Bibliografie českého literárního samizdatu,2023-01-01,KNAV,Academy of Sciences Library,CZ,openaire____::55045bd2a65019fd8e6741a755395c8c,Unknown Repository,,,Publication Repository,10.57680/asep.0576765;10.57680/asep.0600383;10.57680/asep.0586031,true
doi_dedup___::6a2b55d1482b228388e77dc3fb645bdd,https://hdl.handle.net/11104/0353649,Současná bibliografie (od roku 1945),2023-01-01,ICL,Institute of Czech Literature,CZ,openaire____::55045bd2a65019fd8e6741a755395c8c,Unknown Repository,,,Publication Repository,10.57680/asep.0586027;10.57680/asep.0576761;10.57680/asep.0600381,true
doi_dedup___::799a8e811a5806ec29ead18e8e880158,https://hdl.handle.net/11104/0366014,Retrospektivní bibliografie české literatury 1770–1945,2023-01-01,KNAV,Academy of Sciences Library,CZ,openaire____::55045bd2a65019fd8e6741a755395c8c,Unknown Repository,,,Publication Repository,10.57680/asep.0619241;10.57680/asep.0576760;10.57680/asep.0600377;10.57680/asep.0586015,true
doi_dedup___::43d3f62220d1e23cc160f4224ae79b88,https://hdl.handle.net/11104/0366019,Bibliografie českého literárního internetu,2024-01-01,AVCR,Czech Academy of Sciences,CZ,re3data_____::8615271ce1a454e8561a4294278d4537,ASEP Repository,Repository of Czech Academy of Sciences,https://asep-portal.lib.cas.cz/basic-information/dataset-repository/,Data Repository,10.57680/asep.0619235;10.57680/asep.0600382;10.57680/asep.0586029,true
doi_dedup___::f0d06f8fd7ceba46f214f45f98ccf301,https://hdl.handle.net/11104/0357705,Bibliografie českého literárního exilu (1948–1989),2023-01-01,KNAV,Academy of Sciences Library,CZ,re3data_____::8615271ce1a454e8561a4294278d4537,ASEP Repository,Repository of Czech Academy of Sciences,https://asep-portal.lib.cas.cz/basic-information/dataset-repository/,Data Repository,10.57680/asep.0600384;10.57680/asep.0586125;10.57680/asep.0576766;10.57680/asep.0619237,true
doi_dedup___::799a8e811a5806ec29ead18e8e880158,https://hdl.handle.net/11104/0357700,Retrospektivní bibliografie české literatury 1770–1945,2023-01-01,AVCR,Czech Academy of Sciences,CZ,openaire____::55045bd2a65019fd8e6741a755395c8c,Unknown Repository,,,Publication Repository,10.57680/asep.0619241;10.57680/asep.0576760;10.57680/asep.0600377;10.57680/asep.0586015,true
doi_dedup___::f0d06f8fd7ceba46f214f45f98ccf301,https://hdl.handle.net/11104/0346372,Bibliografie českého literárního exilu (1948–1989),2023-01-01,ICL,Institute of Czech Literature,CZ,openaire____::55045bd2a65019fd8e6741a755395c8c,Unknown Repository,,,Publication Repository,10.57680/asep.0600384;10.57680/asep.0586125;10.57680/asep.0576766;10.57680/asep.0619237,true
doi_dedup___::5a8bd709f5cbe8e3744e835b72156621,https://hdl.handle.net/11104/0366020,"ALKARO – Almanachy, kalendáře, ročenky v českých zemích 1801–1945",2024-01-01,KNAV,Academy of Sciences Library,CZ,openaire____::55045bd2a65019fd8e6741a755395c8c,Unknown Repository,,,Publication Repository,10.57680/asep.0586033;10.57680/asep.0600378;10.57680/asep.0619233,true
doi_dedup___::ee8f818fa8ff8d9f65902b6d498a5fe4,https://hdl.handle.net/11104/0366016,Česká literatura v překladu,2023-01-01,AVCR,Czech Academy of Sciences,CZ,openaire____::55045bd2a65019fd8e6741a755395c8c,Unknown Repository,,,Publication Repository,10.57680/asep.0619239;10.57680/asep.0576539,true
doi_dedup___::878d16ccafce7bd745529590fb634d59,10400.11/10129,"Global hydrological dataset of daily streamflow data from the Reference Observatory of Basins for INternational hydrological climate change detection (ROBIN), 1863 - 2022",2024-01-01,CHMI,Czech Hydrometeorological Institute,CZ,openaire____::55045bd2a65019fd8e6741a755395c8c,Unknown Repository,,,Publication Repository,10.5285/3b077711-f183-42f1-bac6-c892922c81f4,true
doi_dedup___::0752b2f50bc24a0f63daa395396f1f4d,https://hdl.handle.net/11104/0356853,XRDdata.zip,2024-01-01,AVCR,Czech Academy of Sciences,CZ,re3data_____::8615271ce1a454e8561a4294278d4537,ASEP Repository,Repository of Czech Academy of Sciences,https://asep-portal.lib.cas.cz/basic-information/dataset-repository/,Data Repository,10.57680/asep.0599363,true
doi_dedup___::d96917fcb5a52b934266ba7bf7eba7e5,https://hdl.handle.net/11104/0367588,Seznam dochovaných rukopisů v knihovnách rudolfinské doby.,2024-01-01,KNAV,Academy of Sciences Library,CZ,openaire____::55045bd2a65019fd8e6741a755395c8c,Unknown Repository,,,Publication Repository,10.57680/asep.0636620;10.57680/asep.0602974,true
doi_dedup___::148c7a063b9683278b5f7a27d04d544f,https://hdl.handle.net/11104/0369566,Data k článku. Climate-induced Severe Water Scarcity Events as Harbingers of Global Grain Price,2025-01-01,KNAV,Academy of Sciences Library,CZ,re3data_____::8615271ce1a454e8561a4294278d4537,ASEP Repository,Repository of Czech Academy of Sciences,https://asep-portal.lib.cas.cz/basic-information/dataset-repository/,Data Repository,10.57680/asep.0605406;10.57680/asep.0638995,true
doi_dedup___::53a123260b7ff862d95921115bf805f1,https://hdl.handle.net/11104/0353645,Český literární exil 1948–1989,2024-01-01,AVCR,Czech Academy of Sciences,CZ,re3data_____::8615271ce1a454e8561a4294278d4537,ASEP Repository,Repository of Czech Academy of Sciences,https://asep-portal.lib.cas.cz/basic-information/dataset-repository/,Data Repository,10.57680/asep.0600385;10.57680/asep.0586038;10.57680/asep.0619238,true
doi_dedup___::9ea6813c31a67963dc6419d815090525,https://hdl.handle.net/11104/0346370,Česká literární bibliografie,2023-01-01,AVCR,Czech Academy of Sciences,CZ,re3data_____::8615271ce1a454e8561a4294278d4537,ASEP Repository,Repository of Czech Academy of Sciences,https://asep-portal.lib.cas.cz/basic-information/dataset-repository/,Data Repository,10.57680/asep.0586041;10.57680/asep.0619242;10.57680/asep.0600376;10.57680/asep.0576768,true
doi_dedup___::406991ffe55906bf4c5334742aa6dd46,https://hdl.handle.net/11104/0354272,Dataset for Enhanced photoluminescence of plasma treated recycled glass particles,2024-01-01,FZU,Institute of Physics,CZ,openaire____::55045bd2a65019fd8e6741a755395c8c,Unknown Repository,,,Publication Repository,10.57680/asep.0586873;10.57680/asep.0586898,true
doi_dedup___::5a8bd709f5cbe8e3744e835b72156621,https://hdl.handle.net/11104/0357701,"ALKARO – Almanachy, kalendáře, ročenky v českých zemích 1801–1945",2024-01-01,ICL,Institute of Czech Literature,CZ,re3data_____::8615271ce1a454e8561a4294278d4537,ASEP Repository,Repository of Czech Academy of Sciences,https://asep-portal.lib.cas.cz/basic-information/dataset-repository/,Data Repository,10.57680/asep.0586033;10.57680/asep.0600378;10.57680/asep.0619233,true
doi_dedup___::53a123260b7ff862d95921115bf805f1,https://hdl.handle.net/11104/0357706,Český literární exil 1948–1989,2024-01-01,AVCR,Czech Academy of Sciences,CZ,re3data_____::8615271ce1a454e8561a4294278d4537,ASEP Repository,Repository of Czech Academy of Sciences,https://asep-portal.lib.cas.cz/basic-information/dataset-repository/,Data Repository,10.57680/asep.0600385;10.57680/asep.0586038;10.57680/asep.0619238,true
doi_dedup___::9ea6813c31a67963dc6419d815090525,https://hdl.handle.net/11104/0366013,Česká literární bibliografie,2023-01-01,AVCR,Czech Academy of Sciences,CZ,openaire____::55045bd2a65019fd8e6741a755395c8c,Unknown Repository,,,Publication Repository,10.57680/asep.0586041;10.57680/asep.0619242;10.57680/asep.0600376;10.57680/asep.0576768,true
doi_dedup___::9ea6813c31a67963dc6419d815090525,https://hdl.handle.net/11104/0357699,Česká literární bibliografie,2023-01-01,ICL,Institute of Czech Literature,CZ,re3data_____::8615271ce1a454e8561a4294278d4537,ASEP Repository,Repository of Czech Academy of Sciences,https://asep-portal.lib.cas.cz/basic-information/dataset-repository/,Data Repository,10.57680/asep.0586041;10.57680/asep.0619242;10.57680/asep.0600376;10.57680/asep.0576768,true
r38615271ce1::008e72a8a311081ff48dc513ed3273b4,http://hdl.handle.net/11104/0330643,Mapa a tabulky půdních subtypů v české části povodí Labe pro model SWIM,2022-01-01,KNAV,Academy of Sciences Library,CZ,re3data_____::8615271ce1a454e8561a4294278d4537,ASEP Repository,Repository of Czech Academy of Sciences,https://asep-portal.lib.cas.cz/basic-information/dataset-repository/,Data Repository,,false
od______4206::f4f93148d691be834443b9ed65ee0dcd,21.15107/rcub_cherry_4205,"Supplementary data for the article: Perendija, J.; Veličković, Z. S.; Cvijetić, I.; Rusmirović, J. D.; Ugrinović, V.; Marinković, A. D.; Onjia, A. Batch and Column Adsorption of Cations, Oxyanions and Dyes on a Magnetite Modified Cellulose-Based Membrane. Cellulose 2020, 27 (14), 8215–8235. https://doi.org/10.1007/s10570-020-03352-x",2020-01-01,UO,University of Defence,CZ,opendoar____::769ac34a4012ab69c069de0bab7d9e81,"Cherry - Repository of the Faculty of Chemistry, University of Belgrade","CHERRY, ie CHEmistRy RepositorY",http://cherry.chem.bg.ac.rs/,Institutional Repository,,false
r38615271ce1::9ba72f9af78ab1c21500388cfea52f15,https://hdl.handle.net/11104/0353279,Dataset for Silver oxide phase tailoring for improved antimicrobial activity,2024-01-01,AVCR,Czech Academy of Sciences,CZ,re3data_____::8615271ce1a454e8561a4294278d4537,ASEP Repository,Repository of Czech Academy of Sciences,https://asep-portal.lib.cas.cz/basic-information/dataset-repository/,Data Repository,,false
r38615271ce1::8246c196a6b7dec4b3ae8a2d5129dbb8,https://hdl.handle.net/11104/0368275,Measurement of carbonic anhydrase inhibition by steroidal O-sulfamates,2025-01-01,KNAV,Academy of Sciences Library,CZ,re3data_____::8615271ce1a454e8561a4294278d4537,ASEP Repository,Repository of Czech Academy of Sciences,https://asep-portal.lib.cas.cz/basic-information/dataset-repository/,Data Repository,,false
od______4206::c5b586c15f0da48722b36378500dcdc9,21.15107/rcub_cherry_3006,"Supplementary data for article: Milenković, M. R.; Papastavrou, A. T.; Radanović, D. D.; Pevec, A.; Jagličić, Z.; Zlatar, M.; Gruden, M.; Vougioukalakis, G. C.; Turel, I.; Anđelković, K. K.; et al. Highly-Efficient N-Arylation of Imidazole Catalyzed by Cu(II) Complexes with Quaternary Ammonium-Functionalized 2-Acetylpyridine Acylhydrazone. Polyhedron 2019, 165, 22–30. https://doi.org/10.1016/j.poly.2019.03.001",2019-01-01,AVCR,Czech Academy of Sciences,CZ,opendoar____::769ac34a4012ab69c069de0bab7d9e81,"Cherry - Repository of the Faculty of Chemistry, University of Belgrade","CHERRY, ie CHEmistRy RepositorY",http://cherry.chem.bg.ac.rs/,Institutional Repository,,false
r38615271ce1::09cae70b54965a74c0653fa089380c61,https://hdl.handle.net/11104/0354334,Crystallographic data with embedded Jana2020 files. Analysis of magnetic structures in JANA2020,2024-01-01,AVCR,Czech Academy of Sciences,CZ,re3data_____::8615271ce1a454e8561a4294278d4537,ASEP Repository,Repository of Czech Academy of Sciences,https://asep-portal.lib.cas.cz/basic-information/dataset-repository/,Data Repository,,false
r313f0700742::b8f97bbbcea00b2f69101bd3ac2c5831,21.12137/NUOOIH,"IntUne Elite Survey Wave 1, January - July 2007",2014-03-26,AVCR,Czech Academy of Sciences,CZ,re3data_____::13f070074253820f217238afeb0e09df,Lithuanian Data Archive for Social Sciences and Humanities (LiDA),Lithuanian Data Archive for Social Sciences and Humanities (LiDA),https://lida.dataverse.lt,Data Repository,,false
r38615271ce1::695e29cb4c51a2fb8a24ccc9d8355d1b,https://hdl.handle.net/11104/0369212,Data for arxiv_Aerospace 2024,2025-01-01,KNAV,Academy of Sciences Library,CZ,re3data_____::8615271ce1a454e8561a4294278d4537,ASEP Repository,Repository of Czech Academy of Sciences,https://asep-portal.lib.cas.cz/basic-information/dataset-repository/,Data Repository,,false
r38615271ce1::632265ad65f46d10d53398860fbd556b,https://hdl.handle.net/11104/0368676,"DATASET for ""Sensitive profiling of human milk oligosaccharides in human colostrum and breast milk by capillary electrophoresis-mass spectrometry"".",2025-01-01,IAC,Institute of Analytical Chemistry,CZ,re3data_____::8615271ce1a454e8561a4294278d4537,ASEP Repository,Repository of Czech Academy of Sciences,https://asep-portal.lib.cas.cz/basic-information/dataset-repository/,Data Repository,,false
r38615271ce1::0c7329bcf90315cd93b40ef405866e31,https://hdl.handle.net/11104/0364166,"DATASET for ""Adapting the LIF detection setup of the standard CE equipment to achieve high-sensitivity detection of 2-aminoacridone-labeled oligosaccharides""",2025-01-01,KNAV,Academy of Sciences Library,CZ,re3data_____::8615271ce1a454e8561a4294278d4537,ASEP Repository,Repository of Czech Academy of Sciences,https://asep-portal.lib.cas.cz/basic-information/dataset-repository/,Data Repository,,false
od______4206::f605791d1913783c86a837fd073cb654,21.15107/rcub_cherry_3097,"Supplementary data for article: Novakovic, M.; Bukvicki, D.; Andjelkovic, B.; Ilic-Tomic, T.; Veljic, M.; Tesevic, V.; Asakawa, Y. Cytotoxic Activity of Riccardin and Perrottetin Derivatives from the Liverwort Lunularia Cruciata. Journal of Natural Products 2019, 82 (4), 694–701. https://doi.org/10.1021/acs.jnatprod.8b00390",2019-01-01,IMG,Institute of Molecular Genetics,CZ,opendoar____::769ac34a4012ab69c069de0bab7d9e81,"Cherry - Repository of the Faculty of Chemistry, University of Belgrade","CHERRY, ie CHEmistRy RepositorY",http://cherry.chem.bg.ac.rs/,Institutional Repository,,false
r38615271ce1::ceadff78589b51301c9fbd40ad3834f1,https://hdl.handle.net/11104/0367784,Data - Evaluating the AgMIP calibration protocol for crop models; case study and new diagnostic tests,2025-01-01,GCC,Global Change Research Centre,CZ,re3data_____::8615271ce1a454e8561a4294278d4537,ASEP Repository,Repository of Czech Academy of Sciences,https://asep-portal.lib.cas.cz/basic-information/dataset-repository/,Data Repository,,false
r38615271ce1::95f8a18859f447801664bedba69b5d6b,https://hdl.handle.net/11104/0353698,Dataset for Growth and Spectroscopic Properties of Pr.sup.3+./sup.-Doped Lu.sub.2./sub.S.sub.3./sub. Single\nCrystals,2024-01-01,KNAV,Academy of Sciences Library,CZ,re3data_____::8615271ce1a454e8561a4294278d4537,ASEP Repository,Repository of Czech Academy of Sciences,https://asep-portal.lib.cas.cz/basic-information/dataset-repository/,Data Repository,,false
od______4206::cc4421a3803e4cc42e8cb4d95f6e92e3,21.15107/rcub_cherry_3125,"Supplementary data for article: Nikolić, S.; Ćirić, I.; Roller, A.; Lukeš, V.; Arion, V. B.; Grgurić-Šipka, S. Conversion of Hydrazides into: N, N ′-Diacylhydrazines in the Presence of a Ruthenium(II)-Arene Complex. New Journal of Chemistry 2017, 41 (14), 6857–6865. https://doi.org/10.1039/c7nj00965h",2017-01-01,ÚACH AV ČR,Institute of Inorganic Chemistry,CZ,opendoar____::769ac34a4012ab69c069de0bab7d9e81,"Cherry - Repository of the Faculty of Chemistry, University of Belgrade","CHERRY, ie CHEmistRy RepositorY",http://cherry.chem.bg.ac.rs/,Institutional Repository,,false
r313f0700742::20016f62863ec35aa7a133b6cadb9382,21.12137/TLO758,"IntUne Elite Survey Wave 2, 2009",2014-06-10,AVCR,Czech Academy of Sciences,CZ,re3data_____::13f070074253820f217238afeb0e09df,Lithuanian Data Archive for Social Sciences and Humanities (LiDA),Lithuanian Data Archive for Social Sciences and Humanities (LiDA),https://lida.dataverse.lt,Data Repository,,false
r38615271ce1::30f168f2acb5ce0bbc29f7288d2e5ed6,https://hdl.handle.net/11104/0343217,Raw data for the paper Molecular dynamics simulation trajectories dataset of a kinesin on tubulin heterodimers in electric field A2103,2023-01-01,AVCR,Czech Academy of Sciences,CZ,re3data_____::8615271ce1a454e8561a4294278d4537,ASEP Repository,Repository of Czech Academy of Sciences,https://asep-portal.lib.cas.cz/basic-information/dataset-repository/,Data Repository,,false
r38615271ce1::224fd1bc4d6aedbf67a92962fd473658,https://hdl.handle.net/11104/0353281,Dataset for Microstructure and physical properties of black aluminum antireflective films.,2024-01-01,FZU,Institute of Physics,CZ,re3data_____::8615271ce1a454e8561a4294278d4537,ASEP Repository,Repository of Czech Academy of Sciences,https://asep-portal.lib.cas.cz/basic-information/dataset-repository/,Data Repository,,false
r38615271ce1::d204f964d89fca4476ece52e9d4ff3af,https://hdl.handle.net/11104/0354687,Data for plots in Experimental photon addition and subtraction in multi-mode and entangled optical fields (Optics Letters (2024)),2024-01-01,KNAV,Academy of Sciences Library,CZ,re3data_____::8615271ce1a454e8561a4294278d4537,ASEP Repository,Repository of Czech Academy of Sciences,https://asep-portal.lib.cas.cz/basic-information/dataset-repository/,Data Repository,,false
